date,revenue,orders,customers,units,country
2009-12-01,51430.92,115,87,25483,All countries
2009-12-02,61047.85,115,94,31415,All countries
2009-12-03,70328.72,121,106,47618,All countries
2009-12-04,38946.04,88,76,21024,All countries
2009-12-05,9518.43,30,26,4845,All countries
2009-12-06,24032.22,74,63,11451,All countries
2009-12-07,42663.43,101,77,17794,All countries
2009-12-08,47745.65,105,88,22819,All countries
2009-12-09,38277.78,87,74,17699,All countries
2009-12-10,40907.08,90,81,22382,All countries
2009-12-11,38913.98,69,57,21032,All countries
2009-12-12,0.0,0,0,0,All countries
2009-12-13,21800.46,70,63,12474,All countries
2009-12-14,69286.73,86,67,45146,All countries
2009-12-15,49280.91,97,88,26867,All countries
2009-12-16,49853.72,97,81,24803,All countries
2009-12-17,29498.75,103,76,15301,All countries
2009-12-18,39932.22,65,54,17229,All countries
2009-12-19,0.0,0,0,0,All countries
2009-12-20,11169.24,34,31,6205,All countries
2009-12-21,15781.16,40,29,8532,All countries
2009-12-22,24883.28,45,16,14408,All countries
2009-12-23,10608.45,22,12,4574,All countries
2009-12-24,0.0,0,0,0,All countries
2009-12-25,0.0,0,0,0,All countries
2009-12-26,0.0,0,0,0,All countries
2009-12-27,0.0,0,0,0,All countries
2009-12-28,0.0,0,0,0,All countries
2009-12-29,0.0,0,0,0,All countries
2009-12-30,0.0,0,0,0,All countries
2009-12-31,0.0,0,0,0,All countries
2010-01-01,0.0,0,0,0,All countries
2010-01-02,0.0,0,0,0,All countries
2010-01-03,0.0,0,0,0,All countries
2010-01-04,12739.82,27,21,10271,All countries
2010-01-05,18953.34,36,31,11273,All countries
2010-01-06,8588.7,14,13,7430,All countries
2010-01-07,71298.76,44,39,39583,All countries
2010-01-08,28139.01,42,40,12657,All countries
2010-01-09,0.0,0,0,0,All countries
2010-01-10,23262.25,34,29,13343,All countries
2010-01-11,33904.75,54,36,13846,All countries
2010-01-12,40083.07,38,31,21225,All countries
2010-01-13,19703.93,28,23,8718,All countries
2010-01-14,29834.35,54,44,13538,All countries
2010-01-15,13286.25,44,36,8381,All countries
2010-01-16,0.0,0,0,0,All countries
2010-01-17,16731.04,40,35,9512,All countries
2010-01-18,20172.78,40,32,10313,All countries
2010-01-19,31070.57,45,40,14967,All countries
2010-01-20,16503.0,35,30,8939,All countries
2010-01-21,26926.28,47,46,72647,All countries
2010-01-22,33606.47,42,37,18309,All countries
2010-01-23,0.0,0,0,0,All countries
2010-01-24,15646.8,49,47,8771,All countries
2010-01-25,22181.170000000002,57,44,9994,All countries
2010-01-26,37620.74,56,45,22820,All countries
2010-01-27,27756.81,56,47,17799,All countries
2010-01-28,19734.32,55,47,11217,All countries
2010-01-29,18627.06,47,37,10103,All countries
2010-01-30,0.0,0,0,0,All countries
2010-01-31,18121.15,53,47,10670,All countries
2010-02-01,17340.33,62,48,8785,All countries
2010-02-02,20820.62,44,33,11014,All countries
2010-02-03,20581.46,49,41,10226,All countries
2010-02-04,21854.22,61,51,12429,All countries
2010-02-05,20821.51,39,34,10110,All countries
2010-02-06,0.0,0,0,0,All countries
2010-02-07,16755.94,30,29,11150,All countries
2010-02-08,15712.58,57,45,8527,All countries
2010-02-09,18483.64,53,50,10807,All countries
2010-02-10,8745.06,31,24,3713,All countries
2010-02-11,14723.27,56,48,8982,All countries
2010-02-12,10730.79,32,27,7521,All countries
2010-02-13,0.0,0,0,0,All countries
2010-02-14,17509.74,45,38,10798,All countries
2010-02-15,36757.22,42,34,93541,All countries
2010-02-16,30336.08,61,51,16689,All countries
2010-02-17,25790.17,48,41,24674,All countries
2010-02-18,35263.39,63,58,19430,All countries
2010-02-19,25685.32,57,30,12460,All countries
2010-02-20,0.0,0,0,0,All countries
2010-02-21,11054.73,36,34,5288,All countries
2010-02-22,26233.23,48,41,13370,All countries
2010-02-23,21905.4,45,40,11623,All countries
2010-02-24,32513.04,62,47,22384,All countries
2010-02-25,45716.57,66,54,26011,All countries
2010-02-26,15235.53,35,26,6882,All countries
2010-02-27,0.0,0,0,0,All countries
2010-02-28,16588.54,53,50,8399,All countries
2010-03-01,25146.47,58,49,21357,All countries
2010-03-02,25312.25,54,47,11790,All countries
2010-03-03,33198.4,62,52,20054,All countries
2010-03-04,30710.5,72,65,17924,All countries
2010-03-05,26573.69,81,55,18152,All countries
2010-03-06,0.0,0,0,0,All countries
2010-03-07,18977.55,56,46,10761,All countries
2010-03-08,35685.58,75,65,15515,All countries
2010-03-09,21158.6,54,49,12064,All countries
2010-03-10,26202.83,60,46,17759,All countries
2010-03-11,23896.46,48,39,14170,All countries
2010-03-12,21200.74,36,30,11006,All countries
2010-03-13,0.0,0,0,0,All countries
2010-03-14,8912.3,24,22,4884,All countries
2010-03-15,26122.1,55,40,14902,All countries
2010-03-16,22985.4,45,42,12479,All countries
2010-03-17,30162.53,48,40,78744,All countries
2010-03-18,39435.25,84,70,23484,All countries
2010-03-19,22670.9,53,44,12600,All countries
2010-03-20,0.0,0,0,0,All countries
2010-03-21,20345.03,56,51,12216,All countries
2010-03-22,24610.72,56,49,12712,All countries
2010-03-23,32148.36,67,57,54413,All countries
2010-03-24,27653.25,66,57,14054,All countries
2010-03-25,31501.09,79,66,16872,All countries
2010-03-26,31666.19,61,48,20767,All countries
2010-03-27,0.0,0,0,0,All countries
2010-03-28,21956.52,58,55,14343,All countries
2010-03-29,58518.020000000004,84,40,24667,All countries
2010-03-30,37371.15,70,54,19088,All countries
2010-03-31,28433.28,75,59,13521,All countries
2010-04-01,29616.72,77,71,17059,All countries
2010-04-02,0.0,0,0,0,All countries
2010-04-03,0.0,0,0,0,All countries
2010-04-04,0.0,0,0,0,All countries
2010-04-05,0.0,0,0,0,All countries
2010-04-06,19021.68,54,45,12980,All countries
2010-04-07,33244.31,61,46,21562,All countries
2010-04-08,45075.22,84,68,26122,All countries
2010-04-09,15926.66,51,33,8966,All countries
2010-04-10,0.0,0,0,0,All countries
2010-04-11,18226.6,42,40,11050,All countries
2010-04-12,25763.32,43,35,12611,All countries
2010-04-13,25704.98,51,43,14419,All countries
2010-04-14,26635.24,44,38,16129,All countries
2010-04-15,18802.79,61,55,10577,All countries
2010-04-16,18804.1,41,36,14722,All countries
2010-04-17,0.0,0,0,0,All countries
2010-04-18,23444.31,54,43,12822,All countries
2010-04-19,43279.58,74,44,19221,All countries
2010-04-20,23923.84,66,52,13231,All countries
2010-04-21,27043.91,64,50,13211,All countries
2010-04-22,37007.26,77,67,21538,All countries
2010-04-23,16050.39,56,43,10099,All countries
2010-04-24,0.0,0,0,0,All countries
2010-04-25,16012.03,46,44,8262,All countries
2010-04-26,34083.99,98,66,19151,All countries
2010-04-27,45760.14,79,63,23318,All countries
2010-04-28,31843.47,73,62,19310,All countries
2010-04-29,32016.44,84,71,16916,All countries
2010-04-30,20382.64,47,36,11107,All countries
2010-05-01,0.0,0,0,0,All countries
2010-05-02,12244.13,40,39,6282,All countries
2010-05-03,0.0,0,0,0,All countries
2010-05-04,21471.920000000002,51,43,11170,All countries
2010-05-05,26794.32,80,56,15325,All countries
2010-05-06,52632.7,82,67,30968,All countries
2010-05-07,35305.78,66,48,23121,All countries
2010-05-08,0.0,0,0,0,All countries
2010-05-09,22234.09,62,52,11601,All countries
2010-05-10,30357.5,75,64,15310,All countries
2010-05-11,27849.66,65,59,18057,All countries
2010-05-12,30879.35,64,50,21603,All countries
2010-05-13,28362.52,64,58,18016,All countries
2010-05-14,17590.15,45,34,13096,All countries
2010-05-15,0.0,0,0,0,All countries
2010-05-16,18292.34,44,38,10990,All countries
2010-05-17,24936.81,47,40,13728,All countries
2010-05-18,28256.18,63,50,22365,All countries
2010-05-19,17287.37,60,55,9416,All countries
2010-05-20,25230.09,67,57,15468,All countries
2010-05-21,26551.94,51,38,10054,All countries
2010-05-22,0.0,0,0,0,All countries
2010-05-23,24397.3,49,41,13714,All countries
2010-05-24,35066.04,70,60,32581,All countries
2010-05-25,21486.95,58,50,14482,All countries
2010-05-26,34496.86,92,62,18784,All countries
2010-05-27,30165.2,86,76,17721,All countries
2010-05-28,20368.41,56,43,11758,All countries
2010-05-29,0.0,0,0,0,All countries
2010-05-30,10596.37,32,30,6177,All countries
2010-05-31,0.0,0,0,0,All countries
2010-06-01,15436.51,46,33,8269,All countries
2010-06-02,15860.44,45,37,11758,All countries
2010-06-03,29099.24,66,51,17439,All countries
2010-06-04,20079.38,49,27,8115,All countries
2010-06-05,0.0,0,0,0,All countries
2010-06-06,25290.45,68,62,14036,All countries
2010-06-07,44499.83,102,81,26461,All countries
2010-06-08,51033.14,76,59,25718,All countries
2010-06-09,37995.75,68,59,25381,All countries
2010-06-10,17930.39,62,54,9669,All countries
2010-06-11,32392.78,78,64,20903,All countries
2010-06-12,0.0,0,0,0,All countries
2010-06-13,21279.49,70,61,11080,All countries
2010-06-14,23519.62,57,48,15696,All countries
2010-06-15,29765.43,51,41,19432,All countries
2010-06-16,30464.76,79,63,18870,All countries
2010-06-17,23719.66,73,60,13167,All countries
2010-06-18,17829.98,49,43,9389,All countries
2010-06-19,0.0,0,0,0,All countries
2010-06-20,8996.43,26,26,4481,All countries
2010-06-21,20861.42,44,40,11999,All countries
2010-06-22,14229.25,42,35,6955,All countries
2010-06-23,27312.7,67,53,16153,All countries
2010-06-24,23505.55,70,40,11203,All countries
2010-06-25,16844.79,42,34,7903,All countries
2010-06-26,0.0,0,0,0,All countries
2010-06-27,18219.57,55,52,10790,All countries
2010-06-28,51339.69,69,63,33358,All countries
2010-06-29,33685.87,70,56,20766,All countries
2010-06-30,33703.25,78,67,20811,All countries
2010-07-01,29232.19,83,78,16253,All countries
2010-07-02,16474.02,44,36,8648,All countries
2010-07-03,0.0,0,0,0,All countries
2010-07-04,10351.4,21,20,5299,All countries
2010-07-05,32262.670000000002,84,64,16563,All countries
2010-07-06,22924.29,58,47,11915,All countries
2010-07-07,30523.0,75,55,14506,All countries
2010-07-08,18789.52,69,58,11542,All countries
2010-07-09,32888.71,29,23,13683,All countries
2010-07-10,0.0,0,0,0,All countries
2010-07-11,7747.35,28,24,5798,All countries
2010-07-12,19040.76,48,37,9608,All countries
2010-07-13,18672.41,53,38,9437,All countries
2010-07-14,23179.63,60,46,13343,All countries
2010-07-15,56130.69,78,62,27722,All countries
2010-07-16,22242.1,66,55,14289,All countries
2010-07-17,0.0,0,0,0,All countries
2010-07-18,14884.89,39,36,9609,All countries
2010-07-19,29730.670000000002,58,54,18341,All countries
2010-07-20,23822.3,56,47,11692,All countries
2010-07-21,21725.99,54,42,13154,All countries
2010-07-22,24088.84,74,56,12276,All countries
2010-07-23,25220.2,47,37,13296,All countries
2010-07-24,0.0,0,0,0,All countries
2010-07-25,16568.96,52,49,11473,All countries
2010-07-26,23618.22,61,47,14972,All countries
2010-07-27,26652.77,69,56,13622,All countries
2010-07-28,22662.75,64,59,12613,All countries
2010-07-29,33183.55,68,58,13518,All countries
2010-07-30,15184.289999999999,48,34,8242,All countries
2010-07-31,0.0,0,0,0,All countries
2010-08-01,30383.15,30,26,9637,All countries
2010-08-02,26648.55,62,49,11787,All countries
2010-08-03,24978.66,56,46,16275,All countries
2010-08-04,20242.45,51,46,11718,All countries
2010-08-05,22746.48,53,47,16446,All countries
2010-08-06,14998.36,44,30,9870,All countries
2010-08-07,0.0,0,0,0,All countries
2010-08-08,13887.11,44,41,8108,All countries
2010-08-09,19636.48,51,41,13406,All countries
2010-08-10,33981.65,43,32,20017,All countries
2010-08-11,19897.43,43,34,8166,All countries
2010-08-12,27896.2,79,55,18086,All countries
2010-08-13,36660.96,54,34,18099,All countries
2010-08-14,0.0,0,0,0,All countries
2010-08-15,21765.13,57,51,17306,All countries
2010-08-16,20165.56,38,32,11053,All countries
2010-08-17,29983.06,45,40,18319,All countries
2010-08-18,36780.36,57,47,22832,All countries
2010-08-19,31987.85,77,55,22367,All countries
2010-08-20,24440.45,57,48,18859,All countries
2010-08-21,0.0,0,0,0,All countries
2010-08-22,21700.170000000002,60,51,12983,All countries
2010-08-23,21643.55,45,37,13237,All countries
2010-08-24,26833.95,59,51,18509,All countries
2010-08-25,30607.43,75,62,17458,All countries
2010-08-26,34269.82,78,62,17455,All countries
2010-08-27,15045.99,34,29,7312,All countries
2010-08-28,0.0,0,0,0,All countries
2010-08-29,14388.1,39,36,8750,All countries
2010-08-30,0.0,0,0,0,All countries
2010-08-31,33075.36,61,47,14072,All countries
2010-09-01,22840.17,42,35,12897,All countries
2010-09-02,34037.15,84,74,21639,All countries
2010-09-03,36764.07,59,48,31145,All countries
2010-09-04,0.0,0,0,0,All countries
2010-09-05,12145.01,35,35,7211,All countries
2010-09-06,27590.2,53,41,16117,All countries
2010-09-07,27085.1,51,45,15684,All countries
2010-09-08,17075.63,46,43,10160,All countries
2010-09-09,23725.37,62,57,12515,All countries
2010-09-10,16560.09,44,36,10040,All countries
2010-09-11,0.0,0,0,0,All countries
2010-09-12,15520.5,48,46,9273,All countries
2010-09-13,37228.62,86,52,28377,All countries
2010-09-14,20525.09,61,56,11314,All countries
2010-09-15,33994.43,64,59,21255,All countries
2010-09-16,26487.69,65,50,14316,All countries
2010-09-17,20497.82,50,40,11741,All countries
2010-09-18,0.0,0,0,0,All countries
2010-09-19,21987.36,59,54,13303,All countries
2010-09-20,41186.51,75,57,24822,All countries
2010-09-21,59252.44,101,75,35755,All countries
2010-09-22,29552.989999999998,82,39,14523,All countries
2010-09-23,35301.98,84,71,20658,All countries
2010-09-24,46601.22,59,44,26927,All countries
2010-09-25,0.0,0,0,0,All countries
2010-09-26,21329.25,65,51,12646,All countries
2010-09-27,98303.12,85,65,122489,All countries
2010-09-28,44975.69,122,86,23456,All countries
2010-09-29,37013.41,97,83,20678,All countries
2010-09-30,45569.37,89,72,24771,All countries
2010-10-01,36336.25,69,55,21935,All countries
2010-10-02,0.0,0,0,0,All countries
2010-10-03,38189.56,76,64,20308,All countries
2010-10-04,38266.58,84,72,23459,All countries
2010-10-05,54230.11,117,98,34721,All countries
2010-10-06,30394.31,61,57,21818,All countries
2010-10-07,51444.49,112,89,29787,All countries
2010-10-08,57644.25,75,58,41057,All countries
2010-10-09,0.0,0,0,0,All countries
2010-10-10,22784.01,68,59,12351,All countries
2010-10-11,42598.03,90,78,24865,All countries
2010-10-12,48613.14,109,93,29187,All countries
2010-10-13,52301.92,83,74,39851,All countries
2010-10-14,81310.02,96,79,34290,All countries
2010-10-15,43312.68,107,78,22122,All countries
2010-10-16,0.0,0,0,0,All countries
2010-10-17,32579.64,70,62,18782,All countries
2010-10-18,39550.95,101,88,19458,All countries
2010-10-19,45070.9,74,63,24919,All countries
2010-10-20,42551.88,104,88,23237,All countries
2010-10-21,38171.49,92,73,17651,All countries
2010-10-22,39231.57,87,67,23067,All countries
2010-10-23,0.0,0,0,0,All countries
2010-10-24,28407.04,83,74,15421,All countries
2010-10-25,28836.55,72,62,14447,All countries
2010-10-26,44993.71,103,85,25879,All countries
2010-10-27,31818.18,70,64,16139,All countries
2010-10-28,23075.96,60,50,11483,All countries
2010-10-29,46028.96,82,62,25410,All countries
2010-10-30,0.0,0,0,0,All countries
2010-10-31,28444.56,82,78,15958,All countries
2010-11-01,26660.02,59,46,13991,All countries
2010-11-02,44102.96,89,79,24067,All countries
2010-11-03,43532.34,86,74,22980,All countries
2010-11-04,72005.99,130,102,50151,All countries
2010-11-05,45519.95,73,57,22392,All countries
2010-11-06,0.0,0,0,0,All countries
2010-11-07,31121.96,82,75,18237,All countries
2010-11-08,83010.17,79,65,32338,All countries
2010-11-09,64276.1,119,99,35127,All countries
2010-11-10,78823.66,129,100,35065,All countries
2010-11-11,62335.61,125,98,33771,All countries
2010-11-12,48727.03,109,80,23109,All countries
2010-11-13,0.0,0,0,0,All countries
2010-11-14,28551.11,89,75,14869,All countries
2010-11-15,102707.38,101,82,37611,All countries
2010-11-16,70045.8,106,94,38720,All countries
2010-11-17,50238.24,116,96,27764,All countries
2010-11-18,43625.27,104,91,21250,All countries
2010-11-19,44692.32,105,87,25084,All countries
2010-11-20,0.0,0,0,0,All countries
2010-11-21,31195.62,96,89,17651,All countries
2010-11-22,40950.06,91,79,19491,All countries
2010-11-23,53988.42,130,110,24945,All countries
2010-11-24,60020.22,133,104,28674,All countries
2010-11-25,70929.59,151,132,37817,All countries
2010-11-26,38603.99,83,71,17258,All countries
2010-11-27,0.0,0,0,0,All countries
2010-11-28,26427.96,90,82,16217,All countries
2010-11-29,76625.37,106,88,39813,All countries
2010-11-30,59159.11,121,99,26371,All countries
2010-12-01,57161.63,127,95,26576,All countries
2010-12-02,47426.07,141,98,31231,All countries
2010-12-03,44370.5,68,50,16060,All countries
2010-12-04,0.0,0,0,0,All countries
2010-12-05,30647.07,87,75,16099,All countries
2010-12-06,51071.6,100,81,21342,All countries
2010-12-07,81368.44,82,65,25123,All countries
2010-12-08,43982.93,116,99,22804,All countries
2010-12-09,49637.99,106,90,19613,All countries
2010-12-10,55213.84,75,53,20354,All countries
2010-12-11,0.0,0,0,0,All countries
2010-12-12,16999.15,43,41,10493,All countries
2010-12-13,36540.32,69,58,17689,All countries
2010-12-14,44208.16,89,72,20223,All countries
2010-12-15,30130.87,73,66,18293,All countries
2010-12-16,47382.17,120,97,29144,All countries
2010-12-17,40116.14,66,51,16271,All countries
2010-12-18,0.0,0,0,0,All countries
2010-12-19,7265.17,23,17,3723,All countries
2010-12-20,25423.12,61,41,14873,All countries
2010-12-21,43553.41,54,23,15556,All countries
2010-12-22,4856.57,16,13,3076,All countries
2010-12-23,11084.94,27,15,5675,All countries
2010-12-24,0.0,0,0,0,All countries
2010-12-25,0.0,0,0,0,All countries
2010-12-26,0.0,0,0,0,All countries
2010-12-27,0.0,0,0,0,All countries
2010-12-28,0.0,0,0,0,All countries
2010-12-29,0.0,0,0,0,All countries
2010-12-30,0.0,0,0,0,All countries
2010-12-31,0.0,0,0,0,All countries
2011-01-01,0.0,0,0,0,All countries
2011-01-02,0.0,0,0,0,All countries
2011-01-03,0.0,0,0,0,All countries
2011-01-04,15291.33,36,34,8612,All countries
2011-01-05,31863.82,55,45,19734,All countries
2011-01-06,37944.89,50,45,21791,All countries
2011-01-07,27492.37,52,44,17103,All countries
2011-01-08,0.0,0,0,0,All countries
2011-01-09,15352.710000000001,48,48,8069,All countries
2011-01-10,22978.89,39,32,12841,All countries
2011-01-11,48013.729999999996,54,44,20630,All countries
2011-01-12,23102.9,44,41,10483,All countries
2011-01-13,18993.17,44,41,9752,All countries
2011-01-14,43209.96,47,37,22214,All countries
2011-01-15,0.0,0,0,0,All countries
2011-01-16,6912.09,24,22,4064,All countries
2011-01-17,27612.32,50,44,13322,All countries
2011-01-18,17112.88,39,29,8691,All countries
2011-01-19,24916.3,35,33,17197,All countries
2011-01-20,20369.95,38,30,10451,All countries
2011-01-21,31481.6,38,31,15285,All countries
2011-01-22,0.0,0,0,0,All countries
2011-01-23,10197.25,27,27,5193,All countries
2011-01-24,24091.85,52,42,11794,All countries
2011-01-25,28041.85,66,56,15510,All countries
2011-01-26,18333.02,55,48,10877,All countries
2011-01-27,23087.27,51,49,11220,All countries
2011-01-28,19596.86,40,36,9824,All countries
2011-01-29,0.0,0,0,0,All countries
2011-01-30,6515.71,24,22,3379,All countries
2011-01-31,22038.44,60,49,13082,All countries
2011-02-01,28326.73,62,56,15738,All countries
2011-02-02,20080.54,62,54,9684,All countries
2011-02-03,22896.5,45,43,15674,All countries
2011-02-04,23307.07,52,41,12547,All countries
2011-02-05,0.0,0,0,0,All countries
2011-02-06,3261.35,11,11,1952,All countries
2011-02-07,25370.02,41,35,9070,All countries
2011-02-08,19752.77,45,37,10042,All countries
2011-02-09,15509.53,29,22,7120,All countries
2011-02-10,14553.34,41,39,11867,All countries
2011-02-11,22364.1,45,34,10510,All countries
2011-02-12,0.0,0,0,0,All countries
2011-02-13,5503.33,19,19,2696,All countries
2011-02-14,26202.48,42,36,13557,All countries
2011-02-15,39011.94,58,47,22542,All countries
2011-02-16,24554.23,63,56,16082,All countries
2011-02-17,24585.73,67,49,14306,All countries
2011-02-18,15817.85,37,32,9134,All countries
2011-02-19,0.0,0,0,0,All countries
2011-02-20,9395.5,26,26,5208,All countries
2011-02-21,35196.49,37,31,21469,All countries
2011-02-22,31714.02,51,46,21798,All countries
2011-02-23,25570.51,63,49,13690,All countries
2011-02-24,22495.83,55,52,11864,All countries
2011-02-25,20093.16,49,42,10547,All countries
2011-02-26,0.0,0,0,0,All countries
2011-02-27,9352.81,33,31,4820,All countries
2011-02-28,19674.33,55,49,9774,All countries
2011-03-01,24019.21,59,51,12053,All countries
2011-03-02,16946.84,42,39,8432,All countries
2011-03-03,35348.2,49,46,19818,All countries
2011-03-04,18922.06,49,38,13435,All countries
2011-03-05,0.0,0,0,0,All countries
2011-03-06,9897.87,27,24,5006,All countries
2011-03-07,30892.36,67,48,13975,All countries
2011-03-08,24338.25,48,41,14246,All countries
2011-03-09,21493.42,53,47,11797,All countries
2011-03-10,25800.78,56,46,15530,All countries
2011-03-11,20984.07,49,39,10317,All countries
2011-03-12,0.0,0,0,0,All countries
2011-03-13,4058.64,16,16,2704,All countries
2011-03-14,25600.48,50,41,16716,All countries
2011-03-15,19453.12,51,40,8813,All countries
2011-03-16,20739.47,51,46,12485,All countries
2011-03-17,38240.61,62,51,20889,All countries
2011-03-18,26318.73,63,48,13634,All countries
2011-03-19,0.0,0,0,0,All countries
2011-03-20,21327.64,60,56,13984,All countries
2011-03-21,16601.97,53,47,10284,All countries
2011-03-22,29667.53,52,40,16499,All countries
2011-03-23,22928.43,62,54,14336,All countries
2011-03-24,35590.65,67,62,17955,All countries
2011-03-25,30159.62,55,44,14015,All countries
2011-03-26,0.0,0,0,0,All countries
2011-03-27,9028.87,32,31,4483,All countries
2011-03-28,21861.42,59,52,12131,All countries
2011-03-29,68763.91,62,46,32641,All countries
2011-03-30,30728.3,75,63,20513,All countries
2011-03-31,31539.91,64,56,16562,All countries
2011-04-01,24454.77,73,57,18357,All countries
2011-04-02,0.0,0,0,0,All countries
2011-04-03,6872.23,20,18,5653,All countries
2011-04-04,25324.35,53,45,13429,All countries
2011-04-05,28691.239999999998,51,44,15555,All countries
2011-04-06,17077.67,40,36,9123,All countries
2011-04-07,17992.82,64,57,10488,All countries
2011-04-08,22801.57,70,62,12938,All countries
2011-04-09,0.0,0,0,0,All countries
2011-04-10,9270.35,32,31,5494,All countries
2011-04-11,21946.63,62,54,13581,All countries
2011-04-12,25115.21,60,52,15283,All countries
2011-04-13,24321.68,59,53,18734,All countries
2011-04-14,35354.92,86,75,18630,All countries
2011-04-15,25868.04,55,39,12564,All countries
2011-04-16,0.0,0,0,0,All countries
2011-04-17,12424.39,42,39,7882,All countries
2011-04-18,54861.02,67,55,29771,All countries
2011-04-19,22977.59,59,52,14359,All countries
2011-04-20,28297.13,62,57,18122,All countries
2011-04-21,30872.48,76,63,18017,All countries
2011-04-22,0.0,0,0,0,All countries
2011-04-23,0.0,0,0,0,All countries
2011-04-24,0.0,0,0,0,All countries
2011-04-25,0.0,0,0,0,All countries
2011-04-26,29476.73,71,55,16115,All countries
2011-04-27,25324.59,64,55,18130,All countries
2011-04-28,21596.05,58,49,13367,All countries
2011-04-29,0.0,0,0,0,All countries
2011-04-30,0.0,0,0,0,All countries
2011-05-01,6814.11,18,18,3806,All countries
2011-05-02,0.0,0,0,0,All countries
2011-05-03,25591.63,64,49,11937,All countries
2011-05-04,26962.78,65,55,17235,All countries
2011-05-05,28336.7,87,74,17018,All countries
2011-05-06,35165.340000000004,81,63,19668,All countries
2011-05-07,0.0,0,0,0,All countries
2011-05-08,18456.55,63,58,10572,All countries
2011-05-09,26909.26,71,59,13332,All countries
2011-05-10,43705.37,94,61,19713,All countries
2011-05-11,32646.32,79,55,18354,All countries
2011-05-12,60005.47,84,68,37676,All countries
2011-05-13,30341.2,73,52,15202,All countries
2011-05-14,0.0,0,0,0,All countries
2011-05-15,9765.33,31,29,4870,All countries
2011-05-16,38832.68,66,50,15946,All countries
2011-05-17,52477.94,78,54,26671,All countries
2011-05-18,33191.56,73,62,18242,All countries
2011-05-19,34267.57,98,82,18074,All countries
2011-05-20,25576.42,71,58,15041,All countries
2011-05-21,0.0,0,0,0,All countries
2011-05-22,23737.1,61,57,12604,All countries
2011-05-23,30487.3,64,54,18130,All countries
2011-05-24,36792.32,68,53,15885,All countries
2011-05-25,23572.33,65,52,12959,All countries
2011-05-26,32947.67,63,50,16230,All countries
2011-05-27,27519.06,64,49,16170,All countries
2011-05-28,0.0,0,0,0,All countries
2011-05-29,7048.52,23,20,4022,All countries
2011-05-30,0.0,0,0,0,All countries
2011-05-31,21813.6,54,48,11691,All countries
2011-06-01,19765.04,42,35,10853,All countries
2011-06-02,31521.14,51,33,14347,All countries
2011-06-03,16508.77,44,37,7629,All countries
2011-06-04,0.0,0,0,0,All countries
2011-06-05,24766.46,66,62,13334,All countries
2011-06-06,16868.02,55,53,9213,All countries
2011-06-07,36725.11,77,68,18435,All countries
2011-06-08,40041.76,99,71,20833,All countries
2011-06-09,44606.17,85,76,28061,All countries
2011-06-10,61264.280000000006,49,41,10575,All countries
2011-06-11,0.0,0,0,0,All countries
2011-06-12,11457.69,39,38,7929,All countries
2011-06-13,21413.73,59,49,11210,All countries
2011-06-14,39977.19,56,41,14583,All countries
2011-06-15,47583.43,59,42,30149,All countries
2011-06-16,33723.24,81,72,20214,All countries
2011-06-17,20891.59,51,34,11718,All countries
2011-06-18,0.0,0,0,0,All countries
2011-06-19,22036.22,60,57,14894,All countries
2011-06-20,32281.63,72,48,16448,All countries
2011-06-21,23975.87,54,44,14058,All countries
2011-06-22,20486.71,58,54,15764,All countries
2011-06-23,24540.44,71,64,14651,All countries
2011-06-24,18337.27,50,40,9965,All countries
2011-06-25,0.0,0,0,0,All countries
2011-06-26,6829.16,26,24,3750,All countries
2011-06-27,16154.44,45,31,9887,All countries
2011-06-28,34195.39,53,40,21740,All countries
2011-06-29,21194.21,42,36,12061,All countries
2011-06-30,41574.35,69,55,19546,All countries
2011-07-01,12847.36,48,35,7279,All countries
2011-07-02,0.0,0,0,0,All countries
2011-07-03,5937.83,25,24,3077,All countries
2011-07-04,42079.8,50,30,15553,All countries
2011-07-05,38264.71,73,58,21841,All countries
2011-07-06,25564.31,70,61,19096,All countries
2011-07-07,31468.88,75,66,19089,All countries
2011-07-08,25334.67,64,42,12614,All countries
2011-07-09,0.0,0,0,0,All countries
2011-07-10,5752.93,24,20,4040,All countries
2011-07-11,21938.13,52,43,15030,All countries
2011-07-12,25086.18,52,40,13886,All countries
2011-07-13,21725.89,58,49,16197,All countries
2011-07-14,32305.56,70,61,17328,All countries
2011-07-15,13614.19,40,33,7283,All countries
2011-07-16,0.0,0,0,0,All countries
2011-07-17,17041.76,51,45,10992,All countries
2011-07-18,27932.46,57,44,14988,All countries
2011-07-19,49272.47,63,55,29005,All countries
2011-07-20,30623.46,55,45,17273,All countries
2011-07-21,31641.5,76,59,19806,All countries
2011-07-22,19436.09,43,34,10196,All countries
2011-07-23,0.0,0,0,0,All countries
2011-07-24,26584.05,58,53,17502,All countries
2011-07-25,25351.13,58,49,16062,All countries
2011-07-26,21198.82,51,43,13681,All countries
2011-07-27,25027.46,48,39,13919,All countries
2011-07-28,51910.49,79,67,28695,All countries
2011-07-29,18411.57,64,57,11512,All countries
2011-07-30,0.0,0,0,0,All countries
2011-07-31,32345.01,41,36,19216,All countries
2011-08-01,20778.21,39,34,11643,All countries
2011-08-02,26077.2,44,39,15687,All countries
2011-08-03,27776.35,63,58,16450,All countries
2011-08-04,64154.45,81,75,40656,All countries
2011-08-05,20643.47,55,47,12583,All countries
2011-08-06,0.0,0,0,0,All countries
2011-08-07,7474.49,29,28,5098,All countries
2011-08-08,22736.29,39,37,13318,All countries
2011-08-09,27325.11,40,37,16250,All countries
2011-08-10,27889.56,49,42,14351,All countries
2011-08-11,64917.4,67,57,39189,All countries
2011-08-12,20437.81,50,40,11952,All countries
2011-08-13,0.0,0,0,0,All countries
2011-08-14,5605.32,24,20,3167,All countries
2011-08-15,17057.34,48,46,10141,All countries
2011-08-16,19033.61,51,43,11106,All countries
2011-08-17,51022.96,54,45,25360,All countries
2011-08-18,53445.65,68,63,33783,All countries
2011-08-19,16806.87,54,53,10585,All countries
2011-08-20,0.0,0,0,0,All countries
2011-08-21,14198.47,39,36,8064,All countries
2011-08-22,29309.11,65,57,15436,All countries
2011-08-23,25526.170000000002,59,54,15139,All countries
2011-08-24,45601.02,76,59,28940,All countries
2011-08-25,22689.23,73,68,13289,All countries
2011-08-26,25229.61,45,40,17084,All countries
2011-08-27,0.0,0,0,0,All countries
2011-08-28,10676.61,37,36,6698,All countries
2011-08-29,0.0,0,0,0,All countries
2011-08-30,29186.04,40,23,10215,All countries
2011-08-31,23655.66,43,37,12386,All countries
2011-09-01,36704.93,75,68,27696,All countries
2011-09-02,39959.13,73,57,18398,All countries
2011-09-03,0.0,0,0,0,All countries
2011-09-04,16328.26,50,45,10678,All countries
2011-09-05,36157.19,67,57,22656,All countries
2011-09-06,27759.48,62,52,14924,All countries
2011-09-07,31748.85,51,41,16366,All countries
2011-09-08,26490.05,75,62,17291,All countries
2011-09-09,29552.23,60,51,17328,All countries
2011-09-10,0.0,0,0,0,All countries
2011-09-11,34381.55,75,68,20602,All countries
2011-09-12,29275.86,67,61,16816,All countries
2011-09-13,54010.44,67,61,36491,All countries
2011-09-14,23268.01,68,58,14161,All countries
2011-09-15,73518.87,79,66,28695,All countries
2011-09-16,26925.06,49,43,14995,All countries
2011-09-17,0.0,0,0,0,All countries
2011-09-18,15463.11,27,25,8702,All countries
2011-09-19,45787.41,68,61,29166,All countries
2011-09-20,103283.33,69,53,42400,All countries
2011-09-21,45815.82,74,64,22277,All countries
2011-09-22,58300.28,109,92,32960,All countries
2011-09-23,38360.9,64,56,21638,All countries
2011-09-24,0.0,0,0,0,All countries
2011-09-25,30913.18,75,74,19409,All countries
2011-09-26,28410.06,65,61,15235,All countries
2011-09-27,34884.32,79,67,21127,All countries
2011-09-28,42190.9,84,72,25231,All countries
2011-09-29,45519.96,103,92,27293,All countries
2011-09-30,43021.69,73,60,22512,All countries
2011-10-01,0.0,0,0,0,All countries
2011-10-02,11383.16,35,32,7106,All countries
2011-10-03,59394.85,65,47,25136,All countries
2011-10-04,47376.73,81,65,25239,All countries
2011-10-05,74218.98,95,82,46049,All countries
2011-10-06,59034.68,120,98,33875,All countries
2011-10-07,43237.13,84,73,25917,All countries
2011-10-08,0.0,0,0,0,All countries
2011-10-09,12265.15,39,35,7284,All countries
2011-10-10,44288.21,97,82,24749,All countries
2011-10-11,51282.58,81,68,28088,All countries
2011-10-12,30629.76,85,70,17512,All countries
2011-10-13,35611.590000000004,76,67,18633,All countries
2011-10-14,31495.18,70,58,17099,All countries
2011-10-15,0.0,0,0,0,All countries
2011-10-16,21239.8,34,32,8253,All countries
2011-10-17,49166.75,87,75,31240,All countries
2011-10-18,44241.98,84,73,29134,All countries
2011-10-19,34869.69,83,69,19109,All countries
2011-10-20,60577.6,87,75,40793,All countries
2011-10-21,62877.34,64,56,24760,All countries
2011-10-22,0.0,0,0,0,All countries
2011-10-23,12086.68,41,39,6946,All countries
2011-10-24,39660.01,73,58,21532,All countries
2011-10-25,39817.0,75,64,26431,All countries
2011-10-26,35740.39,91,74,20479,All countries
2011-10-27,47389.93,102,89,32551,All countries
2011-10-28,39568.03,76,59,23906,All countries
2011-10-29,0.0,0,0,0,All countries
2011-10-30,33764.96,95,88,19837,All countries
2011-10-31,52478.6,69,60,21529,All countries
2011-11-01,28788.05,76,73,16531,All countries
2011-11-02,44768.840000000004,85,79,28411,All countries
2011-11-03,61430.3,102,86,32766,All countries
2011-11-04,61652.43,92,71,35086,All countries
2011-11-05,0.0,0,0,0,All countries
2011-11-06,41785.15,102,88,22825,All countries
2011-11-07,84101.14,92,80,31275,All countries
2011-11-08,54448.78,107,94,26282,All countries
2011-11-09,63637.81,118,100,36403,All countries
2011-11-10,68543.27,127,111,38043,All countries
2011-11-11,52270.91,101,86,28540,All countries
2011-11-12,0.0,0,0,0,All countries
2011-11-13,32056.82,87,75,20173,All countries
2011-11-14,110637.02,104,91,47004,All countries
2011-11-15,56754.48,106,92,29156,All countries
2011-11-16,62061.88,129,110,32877,All countries
2011-11-17,58499.26,135,124,31455,All countries
2011-11-18,49402.1,107,97,23320,All countries
2011-11-19,0.0,0,0,0,All countries
2011-11-20,32941.11,100,91,19066,All countries
2011-11-21,48474.91,99,84,25667,All countries
2011-11-22,61832.45,134,120,33641,All countries
2011-11-23,75394.25,128,106,39113,All countries
2011-11-24,46891.91,112,98,25524,All countries
2011-11-25,46890.35,83,69,18894,All countries
2011-11-26,0.0,0,0,0,All countries
2011-11-27,20251.04,57,51,10910,All countries
2011-11-28,53869.05,113,95,28867,All countries
2011-11-29,68018.51,135,109,30720,All countries
2011-11-30,56083.15,107,91,28323,All countries
2011-12-01,50445.85,121,111,26889,All countries
2011-12-02,55565.85,118,94,28451,All countries
2011-12-03,0.0,0,0,0,All countries
2011-12-04,24223.07,66,58,12279,All countries
2011-12-05,79997.73,126,105,43672,All countries
2011-12-06,54949.23,114,103,30273,All countries
2011-12-07,72701.1,104,92,41722,All countries
2011-12-08,77474.21,120,105,34859,All countries
2011-12-09,29624.19,43,34,12942,All countries
2009-12-01,45662.35,108,81,22343,United Kingdom
2009-12-02,53834.23,111,91,26889,United Kingdom
2009-12-03,69227.17,118,103,47071,United Kingdom
2009-12-04,36647.57,84,72,19578,United Kingdom
2009-12-05,8835.94,29,25,4660,United Kingdom
2009-12-06,22760.53,71,60,10762,United Kingdom
2009-12-07,38267.49,91,70,15965,United Kingdom
2009-12-08,44802.07,100,83,21756,United Kingdom
2009-12-09,36550.35,84,71,16996,United Kingdom
2009-12-10,40091.47,87,78,21742,United Kingdom
2009-12-11,38913.98,69,57,21032,United Kingdom
2009-12-12,0.0,0,0,0,United Kingdom
2009-12-13,19459.62,64,58,11143,United Kingdom
2009-12-14,64771.51,81,63,42460,United Kingdom
2009-12-15,46942.01,94,85,25845,United Kingdom
2009-12-16,48106.65,93,77,23894,United Kingdom
2009-12-17,27076.71,101,74,14508,United Kingdom
2009-12-18,26307.43,54,47,8648,United Kingdom
2009-12-19,0.0,0,0,0,United Kingdom
2009-12-20,9989.58,32,29,5315,United Kingdom
2009-12-21,8116.9800000000005,37,26,3806,United Kingdom
2009-12-22,24410.67,44,15,14157,United Kingdom
2009-12-23,5459.39,20,11,2446,United Kingdom
2009-12-24,0.0,0,0,0,United Kingdom
2009-12-25,0.0,0,0,0,United Kingdom
2009-12-26,0.0,0,0,0,United Kingdom
2009-12-27,0.0,0,0,0,United Kingdom
2009-12-28,0.0,0,0,0,United Kingdom
2009-12-29,0.0,0,0,0,United Kingdom
2009-12-30,0.0,0,0,0,United Kingdom
2009-12-31,0.0,0,0,0,United Kingdom
2010-01-01,0.0,0,0,0,United Kingdom
2010-01-02,0.0,0,0,0,United Kingdom
2010-01-03,0.0,0,0,0,United Kingdom
2010-01-04,12739.82,27,21,10271,United Kingdom
2010-01-05,18953.34,36,31,11273,United Kingdom
2010-01-06,8588.7,14,13,7430,United Kingdom
2010-01-07,23035.24,39,34,12021,United Kingdom
2010-01-08,24130.18,38,36,10444,United Kingdom
2010-01-09,0.0,0,0,0,United Kingdom
2010-01-10,22614.01,33,28,13039,United Kingdom
2010-01-11,30264.42,47,31,12478,United Kingdom
2010-01-12,38036.51,35,28,20131,United Kingdom
2010-01-13,17845.37,26,21,7912,United Kingdom
2010-01-14,28320.15,52,42,12728,United Kingdom
2010-01-15,11205.65,39,31,7409,United Kingdom
2010-01-16,0.0,0,0,0,United Kingdom
2010-01-17,16731.04,40,35,9512,United Kingdom
2010-01-18,19334.03,39,31,10120,United Kingdom
2010-01-19,27615.73,40,35,13508,United Kingdom
2010-01-20,15133.78,33,28,7625,United Kingdom
2010-01-21,13864.75,44,43,7231,United Kingdom
2010-01-22,18677.83,34,31,8306,United Kingdom
2010-01-23,0.0,0,0,0,United Kingdom
2010-01-24,15174.22,48,46,8449,United Kingdom
2010-01-25,20171.72,55,42,9491,United Kingdom
2010-01-26,15702.91,48,38,7884,United Kingdom
2010-01-27,25774.06,53,44,16510,United Kingdom
2010-01-28,18714.5,54,46,10593,United Kingdom
2010-01-29,18614.56,46,36,10093,United Kingdom
2010-01-30,0.0,0,0,0,United Kingdom
2010-01-31,15100.07,49,43,8966,United Kingdom
2010-02-01,14918.91,56,42,7238,United Kingdom
2010-02-02,17749.5,40,31,9538,United Kingdom
2010-02-03,18733.920000000002,44,36,9200,United Kingdom
2010-02-04,21184.89,59,49,12020,United Kingdom
2010-02-05,20524.58,37,32,9919,United Kingdom
2010-02-06,0.0,0,0,0,United Kingdom
2010-02-07,8086.31,26,25,5353,United Kingdom
2010-02-08,13107.85,51,41,6774,United Kingdom
2010-02-09,13366.91,42,39,7088,United Kingdom
2010-02-10,8440.18,28,21,3493,United Kingdom
2010-02-11,12908.54,49,41,7999,United Kingdom
2010-02-12,9552.27,30,25,6574,United Kingdom
2010-02-13,0.0,0,0,0,United Kingdom
2010-02-14,15965.630000000001,43,36,9455,United Kingdom
2010-02-15,20389.96,37,29,10913,United Kingdom
2010-02-16,28204.31,59,49,15086,United Kingdom
2010-02-17,20049.83,44,38,14029,United Kingdom
2010-02-18,20457.72,59,56,11109,United Kingdom
2010-02-19,25685.32,57,30,12460,United Kingdom
2010-02-20,0.0,0,0,0,United Kingdom
2010-02-21,9865.37,34,32,4842,United Kingdom
2010-02-22,23720.46,43,36,12059,United Kingdom
2010-02-23,20416.11,42,37,10909,United Kingdom
2010-02-24,21266.9,53,44,12727,United Kingdom
2010-02-25,44756.91,63,51,25591,United Kingdom
2010-02-26,15036.44,33,25,6748,United Kingdom
2010-02-27,0.0,0,0,0,United Kingdom
2010-02-28,15846.14,50,47,8075,United Kingdom
2010-03-01,23917.74,55,46,20614,United Kingdom
2010-03-02,20854.15,49,42,8811,United Kingdom
2010-03-03,22842.08,53,46,13070,United Kingdom
2010-03-04,28636.72,66,60,16781,United Kingdom
2010-03-05,22992.63,72,47,13526,United Kingdom
2010-03-06,0.0,0,0,0,United Kingdom
2010-03-07,16689.71,54,44,9425,United Kingdom
2010-03-08,33401.62,69,59,14159,United Kingdom
2010-03-09,19501.260000000002,49,44,11052,United Kingdom
2010-03-10,24888.33,55,42,17136,United Kingdom
2010-03-11,20471.2,47,38,12012,United Kingdom
2010-03-12,11771.43,29,25,5684,United Kingdom
2010-03-13,0.0,0,0,0,United Kingdom
2010-03-14,6943.32,23,21,3460,United Kingdom
2010-03-15,23369.48,50,36,13282,United Kingdom
2010-03-16,21765.99,40,37,11721,United Kingdom
2010-03-17,20097.15,45,37,13164,United Kingdom
2010-03-18,34833.06,78,66,18863,United Kingdom
2010-03-19,20567.65,49,42,11722,United Kingdom
2010-03-20,0.0,0,0,0,United Kingdom
2010-03-21,19076.33,54,49,11706,United Kingdom
2010-03-22,22970.12,52,45,11693,United Kingdom
2010-03-23,30631.6,62,53,53937,United Kingdom
2010-03-24,22582.95,60,51,9938,United Kingdom
2010-03-25,27634.93,67,56,14604,United Kingdom
2010-03-26,20022.04,54,43,13344,United Kingdom
2010-03-27,0.0,0,0,0,United Kingdom
2010-03-28,21956.52,58,55,14343,United Kingdom
2010-03-29,58472.68,82,39,24637,United Kingdom
2010-03-30,34899.06,68,52,17497,United Kingdom
2010-03-31,28433.28,75,59,13521,United Kingdom
2010-04-01,23995.42,69,63,12768,United Kingdom
2010-04-02,0.0,0,0,0,United Kingdom
2010-04-03,0.0,0,0,0,United Kingdom
2010-04-04,0.0,0,0,0,United Kingdom
2010-04-05,0.0,0,0,0,United Kingdom
2010-04-06,18769.16,53,44,12827,United Kingdom
2010-04-07,24257.88,53,42,12803,United Kingdom
2010-04-08,44194.7,80,65,25312,United Kingdom
2010-04-09,12744.53,46,29,7142,United Kingdom
2010-04-10,0.0,0,0,0,United Kingdom
2010-04-11,14325.95,39,37,8416,United Kingdom
2010-04-12,21029.84,40,33,10140,United Kingdom
2010-04-13,15649.64,47,40,7729,United Kingdom
2010-04-14,23664.91,39,34,14572,United Kingdom
2010-04-15,18230.58,59,53,10134,United Kingdom
2010-04-16,13303.53,36,31,8563,United Kingdom
2010-04-17,0.0,0,0,0,United Kingdom
2010-04-18,17228.74,47,40,7821,United Kingdom
2010-04-19,40087.49,68,40,15804,United Kingdom
2010-04-20,22246.54,62,48,12219,United Kingdom
2010-04-21,17369.52,55,44,8341,United Kingdom
2010-04-22,32387.07,70,61,18432,United Kingdom
2010-04-23,15686.09,54,41,9900,United Kingdom
2010-04-24,0.0,0,0,0,United Kingdom
2010-04-25,14466.58,44,42,7633,United Kingdom
2010-04-26,30238.74,93,62,17147,United Kingdom
2010-04-27,44272.44,77,61,22736,United Kingdom
2010-04-28,28728.59,67,56,17279,United Kingdom
2010-04-29,28008.74,79,67,14797,United Kingdom
2010-04-30,16951.79,43,33,8880,United Kingdom
2010-05-01,0.0,0,0,0,United Kingdom
2010-05-02,10831.21,37,36,5492,United Kingdom
2010-05-03,0.0,0,0,0,United Kingdom
2010-05-04,17767.32,45,38,8442,United Kingdom
2010-05-05,25252.29,77,54,14516,United Kingdom
2010-05-06,20590.64,69,56,10721,United Kingdom
2010-05-07,34565.77,64,46,22560,United Kingdom
2010-05-08,0.0,0,0,0,United Kingdom
2010-05-09,17351.44,58,50,9384,United Kingdom
2010-05-10,27129.06,69,60,13686,United Kingdom
2010-05-11,24623.66,59,53,16036,United Kingdom
2010-05-12,25510.54,50,45,14524,United Kingdom
2010-05-13,24927.57,58,53,15883,United Kingdom
2010-05-14,17590.15,45,34,13096,United Kingdom
2010-05-15,0.0,0,0,0,United Kingdom
2010-05-16,15593.74,42,36,9118,United Kingdom
2010-05-17,23410.66,45,38,12852,United Kingdom
2010-05-18,27452.61,61,48,21952,United Kingdom
2010-05-19,16538.47,59,54,9272,United Kingdom
2010-05-20,24076.2,63,53,14829,United Kingdom
2010-05-21,20170.16,43,30,7790,United Kingdom
2010-05-22,0.0,0,0,0,United Kingdom
2010-05-23,17199.0,46,38,9186,United Kingdom
2010-05-24,33064.76,66,56,31112,United Kingdom
2010-05-25,19191.85,55,47,12995,United Kingdom
2010-05-26,28237.81,86,57,15458,United Kingdom
2010-05-27,29896.0,85,75,17641,United Kingdom
2010-05-28,19824.95,53,40,11198,United Kingdom
2010-05-29,0.0,0,0,0,United Kingdom
2010-05-30,10596.37,32,30,6177,United Kingdom
2010-05-31,0.0,0,0,0,United Kingdom
2010-06-01,15043.51,44,31,8065,United Kingdom
2010-06-02,15541.24,43,35,11482,United Kingdom
2010-06-03,21497.93,58,45,12248,United Kingdom
2010-06-04,19237.15,46,24,7519,United Kingdom
2010-06-05,0.0,0,0,0,United Kingdom
2010-06-06,23689.26,66,60,12943,United Kingdom
2010-06-07,42466.45,97,78,24897,United Kingdom
2010-06-08,49333.59,72,57,24873,United Kingdom
2010-06-09,35361.7,63,54,23768,United Kingdom
2010-06-10,17082.66,59,51,9092,United Kingdom
2010-06-11,26350.25,72,60,18329,United Kingdom
2010-06-12,0.0,0,0,0,United Kingdom
2010-06-13,20322.47,67,58,10588,United Kingdom
2010-06-14,18425.21,51,44,13227,United Kingdom
2010-06-15,19219.21,48,38,11812,United Kingdom
2010-06-16,29092.2,76,60,17700,United Kingdom
2010-06-17,20964.23,67,56,11351,United Kingdom
2010-06-18,12733.39,46,40,5990,United Kingdom
2010-06-19,0.0,0,0,0,United Kingdom
2010-06-20,7327.29,24,24,3415,United Kingdom
2010-06-21,18904.58,43,39,9971,United Kingdom
2010-06-22,12548.8,37,30,6196,United Kingdom
2010-06-23,23892.31,60,48,14658,United Kingdom
2010-06-24,17511.8,63,34,7468,United Kingdom
2010-06-25,15544.2,40,33,7345,United Kingdom
2010-06-26,0.0,0,0,0,United Kingdom
2010-06-27,18219.57,55,52,10790,United Kingdom
2010-06-28,31893.18,61,56,20868,United Kingdom
2010-06-29,29571.94,59,47,18810,United Kingdom
2010-06-30,27930.48,70,59,17270,United Kingdom
2010-07-01,24686.77,76,71,13887,United Kingdom
2010-07-02,11685.84,40,32,6012,United Kingdom
2010-07-03,0.0,0,0,0,United Kingdom
2010-07-04,10351.4,21,20,5299,United Kingdom
2010-07-05,29596.75,79,59,15147,United Kingdom
2010-07-06,19965.6,52,41,10866,United Kingdom
2010-07-07,25650.09,69,49,11748,United Kingdom
2010-07-08,16709.31,64,54,9315,United Kingdom
2010-07-09,13813.04,25,20,5165,United Kingdom
2010-07-10,0.0,0,0,0,United Kingdom
2010-07-11,7747.35,28,24,5798,United Kingdom
2010-07-12,17503.79,45,35,8913,United Kingdom
2010-07-13,15553.2,49,35,7629,United Kingdom
2010-07-14,18334.14,55,43,10810,United Kingdom
2010-07-15,54141.83,72,56,26721,United Kingdom
2010-07-16,17372.2,61,51,10733,United Kingdom
2010-07-17,0.0,0,0,0,United Kingdom
2010-07-18,12981.67,37,35,8180,United Kingdom
2010-07-19,23607.44,53,49,13458,United Kingdom
2010-07-20,22700.85,54,45,11143,United Kingdom
2010-07-21,20495.83,51,39,12084,United Kingdom
2010-07-22,23622.079999999998,71,53,11754,United Kingdom
2010-07-23,22755.73,43,33,11762,United Kingdom
2010-07-24,0.0,0,0,0,United Kingdom
2010-07-25,15867.27,48,45,11095,United Kingdom
2010-07-26,21606.0,57,43,13665,United Kingdom
2010-07-27,24600.03,63,51,12377,United Kingdom
2010-07-28,19869.82,61,56,11281,United Kingdom
2010-07-29,32354.64,65,55,13087,United Kingdom
2010-07-30,13927.64,45,32,7821,United Kingdom
2010-07-31,0.0,0,0,0,United Kingdom
2010-08-01,30383.15,30,26,9637,United Kingdom
2010-08-02,26114.74,59,46,11530,United Kingdom
2010-08-03,22832.5,54,44,15231,United Kingdom
2010-08-04,18673.02,48,43,10829,United Kingdom
2010-08-05,21387.52,51,46,15941,United Kingdom
2010-08-06,14088.31,42,28,9405,United Kingdom
2010-08-07,0.0,0,0,0,United Kingdom
2010-08-08,13135.51,43,40,7616,United Kingdom
2010-08-09,17611.39,46,36,11824,United Kingdom
2010-08-10,16426.63,40,30,7719,United Kingdom
2010-08-11,19283.260000000002,40,31,7901,United Kingdom
2010-08-12,26972.71,77,53,17509,United Kingdom
2010-08-13,35653.659999999996,50,32,17443,United Kingdom
2010-08-14,0.0,0,0,0,United Kingdom
2010-08-15,19441.46,53,49,16123,United Kingdom
2010-08-16,17833.45,36,30,9207,United Kingdom
2010-08-17,23618.73,42,37,13684,United Kingdom
2010-08-18,23321.79,54,44,13987,United Kingdom
2010-08-19,26101.68,70,50,18525,United Kingdom
2010-08-20,20463.83,46,39,15760,United Kingdom
2010-08-21,0.0,0,0,0,United Kingdom
2010-08-22,19958.6,55,47,11796,United Kingdom
2010-08-23,17903.6,39,33,10490,United Kingdom
2010-08-24,25481.29,56,48,17522,United Kingdom
2010-08-25,28856.95,70,57,16487,United Kingdom
2010-08-26,31512.0,72,56,15697,United Kingdom
2010-08-27,13177.43,33,28,6370,United Kingdom
2010-08-28,0.0,0,0,0,United Kingdom
2010-08-29,14388.1,39,36,8750,United Kingdom
2010-08-30,0.0,0,0,0,United Kingdom
2010-08-31,29238.059999999998,52,39,11875,United Kingdom
2010-09-01,14071.58,35,29,6276,United Kingdom
2010-09-02,24613.85,75,66,15488,United Kingdom
2010-09-03,35223.06,54,43,30280,United Kingdom
2010-09-04,0.0,0,0,0,United Kingdom
2010-09-05,10224.43,31,31,6143,United Kingdom
2010-09-06,18622.63,42,32,9546,United Kingdom
2010-09-07,24056.9,46,40,14193,United Kingdom
2010-09-08,14644.77,41,39,8843,United Kingdom
2010-09-09,16534.78,52,47,8337,United Kingdom
2010-09-10,15641.02,42,34,9465,United Kingdom
2010-09-11,0.0,0,0,0,United Kingdom
2010-09-12,13569.1,46,44,7519,United Kingdom
2010-09-13,34527.87,81,48,26726,United Kingdom
2010-09-14,17722.15,54,49,9840,United Kingdom
2010-09-15,19774.34,56,51,11791,United Kingdom
2010-09-16,21745.22,58,43,11644,United Kingdom
2010-09-17,18025.64,46,36,10000,United Kingdom
2010-09-18,0.0,0,0,0,United Kingdom
2010-09-19,19927.1,58,53,12085,United Kingdom
2010-09-20,36370.29,65,49,22387,United Kingdom
2010-09-21,54451.78,93,69,32591,United Kingdom
2010-09-22,26465.37,76,35,13055,United Kingdom
2010-09-23,32304.56,81,69,19155,United Kingdom
2010-09-24,22316.85,55,42,12080,United Kingdom
2010-09-25,0.0,0,0,0,United Kingdom
2010-09-26,21141.4,64,50,12579,United Kingdom
2010-09-27,89960.93,75,60,118422,United Kingdom
2010-09-28,40877.05,117,82,21348,United Kingdom
2010-09-29,35029.02,91,78,19523,United Kingdom
2010-09-30,39362.2,79,62,20813,United Kingdom
2010-10-01,29780.75,60,47,16918,United Kingdom
2010-10-02,0.0,0,0,0,United Kingdom
2010-10-03,25453.94,68,58,13133,United Kingdom
2010-10-04,34779.38,78,67,21319,United Kingdom
2010-10-05,52240.93,111,93,33224,United Kingdom
2010-10-06,27755.95,57,53,20530,United Kingdom
2010-10-07,47766.25,109,86,27684,United Kingdom
2010-10-08,51166.38,69,52,35119,United Kingdom
2010-10-09,0.0,0,0,0,United Kingdom
2010-10-10,20634.48,64,55,10749,United Kingdom
2010-10-11,34776.82,81,69,19216,United Kingdom
2010-10-12,45730.04,102,86,27220,United Kingdom
2010-10-13,35086.31,72,65,23900,United Kingdom
2010-10-14,73920.36,87,73,27854,United Kingdom
2010-10-15,35505.39,98,69,17838,United Kingdom
2010-10-16,0.0,0,0,0,United Kingdom
2010-10-17,30662.64,69,62,18146,United Kingdom
2010-10-18,35989.84,94,81,17301,United Kingdom
2010-10-19,40942.91,68,58,23054,United Kingdom
2010-10-20,40928.63,98,82,22168,United Kingdom
2010-10-21,29310.99,80,67,14235,United Kingdom
2010-10-22,34770.34,77,60,20348,United Kingdom
2010-10-23,0.0,0,0,0,United Kingdom
2010-10-24,27223.4,79,71,14605,United Kingdom
2010-10-25,26530.81,67,58,13298,United Kingdom
2010-10-26,33831.88,87,72,20101,United Kingdom
2010-10-27,23708.75,62,57,11857,United Kingdom
2010-10-28,19648.13,56,47,9305,United Kingdom
2010-10-29,41832.76,76,57,22339,United Kingdom
2010-10-30,0.0,0,0,0,United Kingdom
2010-10-31,27385.68,79,75,15236,United Kingdom
2010-11-01,25244.23,56,44,13077,United Kingdom
2010-11-02,39971.23,81,72,21987,United Kingdom
2010-11-03,26025.7,74,67,13329,United Kingdom
2010-11-04,64745.08,125,98,45085,United Kingdom
2010-11-05,33586.92,57,47,16078,United Kingdom
2010-11-06,0.0,0,0,0,United Kingdom
2010-11-07,28973.14,78,71,16918,United Kingdom
2010-11-08,77449.75,73,59,29463,United Kingdom
2010-11-09,55942.21,110,92,30603,United Kingdom
2010-11-10,73255.58,120,92,32509,United Kingdom
2010-11-11,58835.3,122,95,31894,United Kingdom
2010-11-12,43352.36,94,68,20055,United Kingdom
2010-11-13,0.0,0,0,0,United Kingdom
2010-11-14,26703.18,86,73,13800,United Kingdom
2010-11-15,95989.36,94,77,34096,United Kingdom
2010-11-16,48638.79,95,84,29269,United Kingdom
2010-11-17,41300.98,112,93,21802,United Kingdom
2010-11-18,39268.83,97,86,18939,United Kingdom
2010-11-19,35657.42,88,71,19807,United Kingdom
2010-11-20,0.0,0,0,0,United Kingdom
2010-11-21,29015.74,87,82,16558,United Kingdom
2010-11-22,37166.59,85,73,17132,United Kingdom
2010-11-23,50471.96,118,100,22804,United Kingdom
2010-11-24,58331.16,130,102,27313,United Kingdom
2010-11-25,69261.19,150,131,37223,United Kingdom
2010-11-26,31222.21,68,56,13553,United Kingdom
2010-11-27,0.0,0,0,0,United Kingdom
2010-11-28,23954.85,87,79,14878,United Kingdom
2010-11-29,50388.23,94,79,22414,United Kingdom
2010-11-30,50422.46,110,92,21177,United Kingdom
2010-12-01,53155.92,120,89,23677,United Kingdom
2010-12-02,47266.22,139,96,31078,United Kingdom
2010-12-03,39300.48,54,37,11710,United Kingdom
2010-12-04,0.0,0,0,0,United Kingdom
2010-12-05,25173.27,78,69,13337,United Kingdom
2010-12-06,49709.26,95,78,20590,United Kingdom
2010-12-07,78826.87,78,61,23909,United Kingdom
2010-12-08,40259.51,110,93,20160,United Kingdom
2010-12-09,40717.69,93,78,15896,United Kingdom
2010-12-10,50926.93,71,49,18373,United Kingdom
2010-12-11,0.0,0,0,0,United Kingdom
2010-12-12,13510.56,42,40,8124,United Kingdom
2010-12-13,35799.31,68,57,17394,United Kingdom
2010-12-14,41433.09,87,70,19067,United Kingdom
2010-12-15,29934.98,72,65,18159,United Kingdom
2010-12-16,46425.57,118,95,27800,United Kingdom
2010-12-17,30307.6,47,34,9250,United Kingdom
2010-12-18,0.0,0,0,0,United Kingdom
2010-12-19,6506.2,21,15,3236,United Kingdom
2010-12-20,22372.75,55,36,13215,United Kingdom
2010-12-21,33745.28,49,18,8207,United Kingdom
2010-12-22,4190.45,14,11,2237,United Kingdom
2010-12-23,9579.539999999999,24,12,4640,United Kingdom
2010-12-24,0.0,0,0,0,United Kingdom
2010-12-25,0.0,0,0,0,United Kingdom
2010-12-26,0.0,0,0,0,United Kingdom
2010-12-27,0.0,0,0,0,United Kingdom
2010-12-28,0.0,0,0,0,United Kingdom
2010-12-29,0.0,0,0,0,United Kingdom
2010-12-30,0.0,0,0,0,United Kingdom
2010-12-31,0.0,0,0,0,United Kingdom
2011-01-01,0.0,0,0,0,United Kingdom
2011-01-02,0.0,0,0,0,United Kingdom
2011-01-03,0.0,0,0,0,United Kingdom
2011-01-04,14943.77,35,33,8324,United Kingdom
2011-01-05,30598.64,53,43,19006,United Kingdom
2011-01-06,30081.49,46,41,16551,United Kingdom
2011-01-07,21868.48,45,37,13270,United Kingdom
2011-01-08,0.0,0,0,0,United Kingdom
2011-01-09,14070.55,44,44,7271,United Kingdom
2011-01-10,19091.96,33,27,10744,United Kingdom
2011-01-11,41696.03,46,36,17851,United Kingdom
2011-01-12,20513.96,38,35,8986,United Kingdom
2011-01-13,16917.06,42,39,8916,United Kingdom
2011-01-14,16666.23,38,29,7296,United Kingdom
2011-01-15,0.0,0,0,0,United Kingdom
2011-01-16,6912.09,24,22,4064,United Kingdom
2011-01-17,24797.31,45,39,12001,United Kingdom
2011-01-18,14038.11,35,25,6804,United Kingdom
2011-01-19,12720.210000000001,28,26,8016,United Kingdom
2011-01-20,15615.8,33,25,8016,United Kingdom
2011-01-21,22554.72,35,28,9250,United Kingdom
2011-01-22,0.0,0,0,0,United Kingdom
2011-01-23,9790.75,26,26,5073,United Kingdom
2011-01-24,16545.88,44,35,8808,United Kingdom
2011-01-25,23247.06,60,50,12599,United Kingdom
2011-01-26,15010.53,49,42,8726,United Kingdom
2011-01-27,17917.62,44,42,9395,United Kingdom
2011-01-28,14772.99,34,30,6005,United Kingdom
2011-01-29,0.0,0,0,0,United Kingdom
2011-01-30,6515.71,24,22,3379,United Kingdom
2011-01-31,16354.78,53,42,10095,United Kingdom
2011-02-01,25626.13,55,49,14299,United Kingdom
2011-02-02,18994.39,56,49,8939,United Kingdom
2011-02-03,19952.95,39,37,14779,United Kingdom
2011-02-04,21116.09,46,36,11531,United Kingdom
2011-02-05,0.0,0,0,0,United Kingdom
2011-02-06,3261.35,11,11,1952,United Kingdom
2011-02-07,23213.96,37,31,8520,United Kingdom
2011-02-08,18163.78,42,34,8513,United Kingdom
2011-02-09,8558.960000000001,24,17,3410,United Kingdom
2011-02-10,13933.83,38,36,11188,United Kingdom
2011-02-11,19791.64,43,32,9610,United Kingdom
2011-02-12,0.0,0,0,0,United Kingdom
2011-02-13,5503.33,19,19,2696,United Kingdom
2011-02-14,21144.88,36,31,10913,United Kingdom
2011-02-15,19062.21,53,43,10837,United Kingdom
2011-02-16,20601.85,58,51,13182,United Kingdom
2011-02-17,22636.83,61,43,13228,United Kingdom
2011-02-18,14440.15,32,27,8093,United Kingdom
2011-02-19,0.0,0,0,0,United Kingdom
2011-02-20,9395.5,26,26,5208,United Kingdom
2011-02-21,12647.92,26,23,6862,United Kingdom
2011-02-22,28502.32,50,45,18858,United Kingdom
2011-02-23,23352.25,59,46,12464,United Kingdom
2011-02-24,20844.43,52,49,11084,United Kingdom
2011-02-25,18622.51,45,38,9687,United Kingdom
2011-02-26,0.0,0,0,0,United Kingdom
2011-02-27,8847.66,31,29,4533,United Kingdom
2011-02-28,17197.6,47,41,8443,United Kingdom
2011-03-01,14691.210000000001,51,44,8129,United Kingdom
2011-03-02,16102.7,40,37,7967,United Kingdom
2011-03-03,16972.88,42,40,8512,United Kingdom
2011-03-04,16341.48,41,31,11695,United Kingdom
2011-03-05,0.0,0,0,0,United Kingdom
2011-03-06,9897.87,27,24,5006,United Kingdom
2011-03-07,30094.75,63,44,13607,United Kingdom
2011-03-08,21973.43,44,37,12705,United Kingdom
2011-03-09,18932.08,49,43,10176,United Kingdom
2011-03-10,17523.84,49,42,10265,United Kingdom
2011-03-11,19436.05,47,37,9388,United Kingdom
2011-03-12,0.0,0,0,0,United Kingdom
2011-03-13,3751.35,15,15,2521,United Kingdom
2011-03-14,18538.71,42,35,10122,United Kingdom
2011-03-15,15234.2,46,35,7163,United Kingdom
2011-03-16,19235.02,46,41,11881,United Kingdom
2011-03-17,31691.16,56,45,18388,United Kingdom
2011-03-18,23499.84,57,43,12138,United Kingdom
2011-03-19,0.0,0,0,0,United Kingdom
2011-03-20,20071.39,54,50,13105,United Kingdom
2011-03-21,16083.35,50,45,10059,United Kingdom
2011-03-22,26640.54,46,34,14776,United Kingdom
2011-03-23,19269.92,54,47,11390,United Kingdom
2011-03-24,33114.9,61,57,16812,United Kingdom
2011-03-25,24482.06,46,35,10729,United Kingdom
2011-03-26,0.0,0,0,0,United Kingdom
2011-03-27,8900.82,31,30,4424,United Kingdom
2011-03-28,17915.79,51,45,8774,United Kingdom
2011-03-29,50043.26,59,45,20122,United Kingdom
2011-03-30,27599.99,71,59,18356,United Kingdom
2011-03-31,25169.42,57,50,12905,United Kingdom
2011-04-01,22419.05,68,53,17240,United Kingdom
2011-04-02,0.0,0,0,0,United Kingdom
2011-04-03,6872.23,20,18,5653,United Kingdom
2011-04-04,21805.14,48,41,11512,United Kingdom
2011-04-05,19656.08,45,39,10509,United Kingdom
2011-04-06,16121.68,39,35,8468,United Kingdom
2011-04-07,15423.11,57,51,8453,United Kingdom
2011-04-08,19788.76,65,57,11243,United Kingdom
2011-04-09,0.0,0,0,0,United Kingdom
2011-04-10,8838.86,31,30,5307,United Kingdom
2011-04-11,19637.01,55,48,11860,United Kingdom
2011-04-12,23261.0,58,51,14364,United Kingdom
2011-04-13,22872.39,57,51,18057,United Kingdom
2011-04-14,30948.16,78,68,16956,United Kingdom
2011-04-15,24044.98,51,35,11778,United Kingdom
2011-04-16,0.0,0,0,0,United Kingdom
2011-04-17,11433.43,39,36,7332,United Kingdom
2011-04-18,51672.24,65,53,23137,United Kingdom
2011-04-19,19787.98,53,46,12321,United Kingdom
2011-04-20,27267.329999999998,59,54,17596,United Kingdom
2011-04-21,27392.79,69,56,16348,United Kingdom
2011-04-22,0.0,0,0,0,United Kingdom
2011-04-23,0.0,0,0,0,United Kingdom
2011-04-24,0.0,0,0,0,United Kingdom
2011-04-25,0.0,0,0,0,United Kingdom
2011-04-26,28576.01,67,51,15691,United Kingdom
2011-04-27,23662.89,61,52,17400,United Kingdom
2011-04-28,19731.170000000002,53,44,12175,United Kingdom
2011-04-29,0.0,0,0,0,United Kingdom
2011-04-30,0.0,0,0,0,United Kingdom
2011-05-01,5863.78,17,17,3167,United Kingdom
2011-05-02,0.0,0,0,0,United Kingdom
2011-05-03,22780.98,57,45,10373,United Kingdom
2011-05-04,24557.69,59,50,15492,United Kingdom
2011-05-05,24796.42,80,67,14718,United Kingdom
2011-05-06,30162.55,76,58,17445,United Kingdom
2011-05-07,0.0,0,0,0,United Kingdom
2011-05-08,16627.29,61,56,9359,United Kingdom
2011-05-09,25020.55,66,54,12107,United Kingdom
2011-05-10,40413.19,86,56,17451,United Kingdom
2011-05-11,28360.09,73,50,16285,United Kingdom
2011-05-12,28129.64,71,58,15149,United Kingdom
2011-05-13,25267.88,66,47,12375,United Kingdom
2011-05-14,0.0,0,0,0,United Kingdom
2011-05-15,9078.15,29,27,4592,United Kingdom
2011-05-16,33574.7,60,45,13418,United Kingdom
2011-05-17,37726.84,73,50,16833,United Kingdom
2011-05-18,30285.670000000002,67,56,16835,United Kingdom
2011-05-19,29162.21,85,72,15477,United Kingdom
2011-05-20,23258.62,67,54,13910,United Kingdom
2011-05-21,0.0,0,0,0,United Kingdom
2011-05-22,21415.98,57,53,11365,United Kingdom
2011-05-23,26347.35,53,44,16146,United Kingdom
2011-05-24,36177.73,66,51,15558,United Kingdom
2011-05-25,19860.74,59,46,10776,United Kingdom
2011-05-26,22047.07,52,42,10198,United Kingdom
2011-05-27,25858.81,61,46,15031,United Kingdom
2011-05-28,0.0,0,0,0,United Kingdom
2011-05-29,6537.79,22,19,3768,United Kingdom
2011-05-30,0.0,0,0,0,United Kingdom
2011-05-31,18451.44,47,41,10003,United Kingdom
2011-06-01,13713.83,38,32,7457,United Kingdom
2011-06-02,29502.33,48,30,13241,United Kingdom
2011-06-03,14683.15,39,32,6813,United Kingdom
2011-06-04,0.0,0,0,0,United Kingdom
2011-06-05,19205.15,58,54,10278,United Kingdom
2011-06-06,14443.83,50,48,7934,United Kingdom
2011-06-07,35589.89,73,64,17780,United Kingdom
2011-06-08,34008.96,89,63,16408,United Kingdom
2011-06-09,39349.85,72,64,24824,United Kingdom
2011-06-10,54093.8,46,38,7185,United Kingdom
2011-06-11,0.0,0,0,0,United Kingdom
2011-06-12,10604.31,37,36,6873,United Kingdom
2011-06-13,16161.35,52,42,8609,United Kingdom
2011-06-14,39977.19,56,41,14583,United Kingdom
2011-06-15,17573.62,49,36,10667,United Kingdom
2011-06-16,30426.12,75,67,18718,United Kingdom
2011-06-17,15999.83,46,29,9421,United Kingdom
2011-06-18,0.0,0,0,0,United Kingdom
2011-06-19,15511.43,54,51,9694,United Kingdom
2011-06-20,24059.36,63,40,11803,United Kingdom
2011-06-21,20759.49,49,39,12458,United Kingdom
2011-06-22,16131.23,50,47,11510,United Kingdom
2011-06-23,22501.66,65,58,13359,United Kingdom
2011-06-24,15817.02,44,36,8437,United Kingdom
2011-06-25,0.0,0,0,0,United Kingdom
2011-06-26,6170.68,23,21,3282,United Kingdom
2011-06-27,15154.88,42,29,9376,United Kingdom
2011-06-28,20050.65,49,38,10622,United Kingdom
2011-06-29,17455.22,39,34,9495,United Kingdom
2011-06-30,37844.45,62,49,17536,United Kingdom
2011-07-01,10341.02,41,28,5911,United Kingdom
2011-07-02,0.0,0,0,0,United Kingdom
2011-07-03,5937.83,25,24,3077,United Kingdom
2011-07-04,35343.88,44,27,12391,United Kingdom
2011-07-05,36974.32,70,55,21276,United Kingdom
2011-07-06,20941.03,65,56,14580,United Kingdom
2011-07-07,29755.44,70,62,18155,United Kingdom
2011-07-08,22144.76,57,36,10695,United Kingdom
2011-07-09,0.0,0,0,0,United Kingdom
2011-07-10,5752.93,24,20,4040,United Kingdom
2011-07-11,19587.420000000002,47,38,13315,United Kingdom
2011-07-12,23058.41,44,34,12612,United Kingdom
2011-07-13,16321.36,50,42,9973,United Kingdom
2011-07-14,25118.13,62,53,13229,United Kingdom
2011-07-15,12034.98,37,30,6736,United Kingdom
2011-07-16,0.0,0,0,0,United Kingdom
2011-07-17,16372.32,48,43,10631,United Kingdom
2011-07-18,21072.83,52,40,10561,United Kingdom
2011-07-19,32259.41,51,46,19957,United Kingdom
2011-07-20,28716.3,50,40,16305,United Kingdom
2011-07-21,28167.28,70,55,18052,United Kingdom
2011-07-22,17970.0,41,32,9191,United Kingdom
2011-07-23,0.0,0,0,0,United Kingdom
2011-07-24,25033.22,54,49,16503,United Kingdom
2011-07-25,22067.92,53,44,14037,United Kingdom
2011-07-26,20009.41,47,39,13196,United Kingdom
2011-07-27,18935.29,42,34,9988,United Kingdom
2011-07-28,47889.3,70,61,25456,United Kingdom
2011-07-29,17109.73,62,55,10730,United Kingdom
2011-07-30,0.0,0,0,0,United Kingdom
2011-07-31,12912.42,36,31,9178,United Kingdom
2011-08-01,19037.47,37,32,10826,United Kingdom
2011-08-02,19649.45,37,32,11855,United Kingdom
2011-08-03,26212.21,60,55,15436,United Kingdom
2011-08-04,56288.54,72,66,36055,United Kingdom
2011-08-05,16549.44,49,41,10374,United Kingdom
2011-08-06,0.0,0,0,0,United Kingdom
2011-08-07,7367.09,28,27,5038,United Kingdom
2011-08-08,20460.49,35,33,11822,United Kingdom
2011-08-09,14741.42,37,35,8034,United Kingdom
2011-08-10,24781.3,43,36,12784,United Kingdom
2011-08-11,43234.95,62,53,22554,United Kingdom
2011-08-12,15252.58,43,34,8639,United Kingdom
2011-08-13,0.0,0,0,0,United Kingdom
2011-08-14,5605.32,24,20,3167,United Kingdom
2011-08-15,13081.83,43,41,7170,United Kingdom
2011-08-16,18620.92,47,40,10934,United Kingdom
2011-08-17,47515.020000000004,47,40,23598,United Kingdom
2011-08-18,26048.26,63,58,18183,United Kingdom
2011-08-19,12839.81,46,45,7993,United Kingdom
2011-08-20,0.0,0,0,0,United Kingdom
2011-08-21,11580.72,33,30,6662,United Kingdom
2011-08-22,26536.91,59,51,14133,United Kingdom
2011-08-23,17730.55,50,48,11536,United Kingdom
2011-08-24,43225.34,66,51,27058,United Kingdom
2011-08-25,18886.66,62,57,10828,United Kingdom
2011-08-26,14714.26,37,34,10031,United Kingdom
2011-08-27,0.0,0,0,0,United Kingdom
2011-08-28,9434.62,36,35,5900,United Kingdom
2011-08-29,0.0,0,0,0,United Kingdom
2011-08-30,28732.29,38,21,10036,United Kingdom
2011-08-31,16164.88,36,30,9439,United Kingdom
2011-09-01,28478.1,69,64,21982,United Kingdom
2011-09-02,36290.28,63,49,16478,United Kingdom
2011-09-03,0.0,0,0,0,United Kingdom
2011-09-04,12590.44,43,38,7301,United Kingdom
2011-09-05,25479.03,59,50,16379,United Kingdom
2011-09-06,22630.850000000002,56,48,12969,United Kingdom
2011-09-07,25669.8,44,36,12861,United Kingdom
2011-09-08,19512.45,65,55,13572,United Kingdom
2011-09-09,23369.33,53,45,13626,United Kingdom
2011-09-10,0.0,0,0,0,United Kingdom
2011-09-11,32867.28,71,64,19521,United Kingdom
2011-09-12,29275.86,67,61,16816,United Kingdom
2011-09-13,41077.52,62,56,27112,United Kingdom
2011-09-14,21025.07,63,53,12210,United Kingdom
2011-09-15,69774.64,73,61,26980,United Kingdom
2011-09-16,25292.170000000002,45,39,14203,United Kingdom
2011-09-17,0.0,0,0,0,United Kingdom
2011-09-18,15463.11,27,25,8702,United Kingdom
2011-09-19,19076.18,53,48,12268,United Kingdom
2011-09-20,100434.55,63,48,40888,United Kingdom
2011-09-21,38351.23,64,54,18511,United Kingdom
2011-09-22,47754.31,93,78,26591,United Kingdom
2011-09-23,31509.38,55,48,17133,United Kingdom
2011-09-24,0.0,0,0,0,United Kingdom
2011-09-25,28488.010000000002,69,68,18087,United Kingdom
2011-09-26,26068.09,60,57,14087,United Kingdom
2011-09-27,33312.92,75,63,20343,United Kingdom
2011-09-28,35970.54,72,64,21928,United Kingdom
2011-09-29,42399.3,95,84,25391,United Kingdom
2011-09-30,34648.63,65,53,18040,United Kingdom
2011-10-01,0.0,0,0,0,United Kingdom
2011-10-02,11383.16,35,32,7106,United Kingdom
2011-10-03,59086.85,64,46,24986,United Kingdom
2011-10-04,46122.22,74,59,24808,United Kingdom
2011-10-05,47731.08,81,72,32804,United Kingdom
2011-10-06,51914.12,104,86,29442,United Kingdom
2011-10-07,36993.58,71,60,21182,United Kingdom
2011-10-08,0.0,0,0,0,United Kingdom
2011-10-09,12265.15,39,35,7284,United Kingdom
2011-10-10,40165.090000000004,90,77,23207,United Kingdom
2011-10-11,41988.18,71,60,21244,United Kingdom
2011-10-12,24217.89,67,55,14207,United Kingdom
2011-10-13,26104.49,67,58,14134,United Kingdom
2011-10-14,25984.01,61,50,14675,United Kingdom
2011-10-15,0.0,0,0,0,United Kingdom
2011-10-16,21239.8,34,32,8253,United Kingdom
2011-10-17,34435.2,73,66,19338,United Kingdom
2011-10-18,37624.63,74,64,25229,United Kingdom
2011-10-19,26978.02,72,59,15056,United Kingdom
2011-10-20,28904.93,77,68,16279,United Kingdom
2011-10-21,55259.49,54,48,20361,United Kingdom
2011-10-22,0.0,0,0,0,United Kingdom
2011-10-23,12086.68,41,39,6946,United Kingdom
2011-10-24,37996.29,70,55,20867,United Kingdom
2011-10-25,36711.38,70,61,24241,United Kingdom
2011-10-26,31860.57,84,68,18328,United Kingdom
2011-10-27,33777.18,90,80,24476,United Kingdom
2011-10-28,27874.13,65,53,17130,United Kingdom
2011-10-29,0.0,0,0,0,United Kingdom
2011-10-30,30306.3,89,82,17474,United Kingdom
2011-10-31,48565.9,58,49,19275,United Kingdom
2011-11-01,25048.19,71,69,14614,United Kingdom
2011-11-02,37857.15,77,73,24425,United Kingdom
2011-11-03,58100.13,93,78,30809,United Kingdom
2011-11-04,56925.97,83,63,32712,United Kingdom
2011-11-05,0.0,0,0,0,United Kingdom
2011-11-06,32380.54,94,81,17901,United Kingdom
2011-11-07,81443.53,83,74,29497,United Kingdom
2011-11-08,52204.75,102,90,24938,United Kingdom
2011-11-09,61808.95,114,96,35283,United Kingdom
2011-11-10,54816.16,112,99,27841,United Kingdom
2011-11-11,44361.84,83,70,23515,United Kingdom
2011-11-12,0.0,0,0,0,United Kingdom
2011-11-13,26892.45,81,72,17086,United Kingdom
2011-11-14,105901.17,93,80,43949,United Kingdom
2011-11-15,47708.18,94,84,23705,United Kingdom
2011-11-16,51859.49,112,97,26610,United Kingdom
2011-11-17,40551.92,112,104,22997,United Kingdom
2011-11-18,42588.88,92,83,20274,United Kingdom
2011-11-19,0.0,0,0,0,United Kingdom
2011-11-20,29674.06,92,83,17529,United Kingdom
2011-11-21,44479.03,92,78,23516,United Kingdom
2011-11-22,56299.04,121,109,30305,United Kingdom
2011-11-23,60225.91,115,96,29324,United Kingdom
2011-11-24,38986.83,97,86,21355,United Kingdom
2011-11-25,43762.25,77,63,17355,United Kingdom
2011-11-26,0.0,0,0,0,United Kingdom
2011-11-27,19421.13,56,50,10685,United Kingdom
2011-11-28,50132.62,106,90,26746,United Kingdom
2011-11-29,61154.59,124,99,27038,United Kingdom
2011-11-30,47135.62,93,78,22807,United Kingdom
2011-12-01,47299.67,113,105,25382,United Kingdom
2011-12-02,52226.590000000004,110,86,25993,United Kingdom
2011-12-03,0.0,0,0,0,United Kingdom
2011-12-04,21471.77,59,51,10712,United Kingdom
2011-12-05,76970.76,115,95,41937,United Kingdom
2011-12-06,51428.59,104,93,28384,United Kingdom
2011-12-07,53240.36,90,82,29720,United Kingdom
2011-12-08,74406.17,115,100,32764,United Kingdom
2011-12-09,24996.69,35,27,9536,United Kingdom
2009-12-01,1775.08,3,2,730,EIRE
2009-12-02,0.0,0,0,0,EIRE
2009-12-03,519.1800000000001,1,1,202,EIRE
2009-12-04,0.0,0,0,0,EIRE
2009-12-05,0.0,0,0,0,EIRE
2009-12-06,0.0,0,0,0,EIRE
2009-12-07,1716.6,3,1,516,EIRE
2009-12-08,656.65,1,1,401,EIRE
2009-12-09,0.0,0,0,0,EIRE
2009-12-10,327.57,1,1,146,EIRE
2009-12-11,0.0,0,0,0,EIRE
2009-12-12,0.0,0,0,0,EIRE
2009-12-13,361.51,1,0,135,EIRE
2009-12-14,0.0,0,0,0,EIRE
2009-12-15,1981.24,2,2,932,EIRE
2009-12-16,825.32,1,1,408,EIRE
2009-12-17,0.0,0,0,0,EIRE
2009-12-18,3342.31,5,2,1351,EIRE
2009-12-19,0.0,0,0,0,EIRE
2009-12-20,0.0,0,0,0,EIRE
2009-12-21,6832.0,1,1,4284,EIRE
2009-12-22,0.0,0,0,0,EIRE
2009-12-23,0.0,0,0,0,EIRE
2009-12-24,0.0,0,0,0,EIRE
2009-12-25,0.0,0,0,0,EIRE
2009-12-26,0.0,0,0,0,EIRE
2009-12-27,0.0,0,0,0,EIRE
2009-12-28,0.0,0,0,0,EIRE
2009-12-29,0.0,0,0,0,EIRE
2009-12-30,0.0,0,0,0,EIRE
2009-12-31,0.0,0,0,0,EIRE
2010-01-01,0.0,0,0,0,EIRE
2010-01-02,0.0,0,0,0,EIRE
2010-01-03,0.0,0,0,0,EIRE
2010-01-04,0.0,0,0,0,EIRE
2010-01-05,0.0,0,0,0,EIRE
2010-01-06,0.0,0,0,0,EIRE
2010-01-07,45920.42,2,2,25568,EIRE
2010-01-08,1190.46,1,1,334,EIRE
2010-01-09,0.0,0,0,0,EIRE
2010-01-10,0.0,0,0,0,EIRE
2010-01-11,1642.5,1,1,150,EIRE
2010-01-12,0.0,0,0,0,EIRE
2010-01-13,0.0,0,0,0,EIRE
2010-01-14,0.0,0,0,0,EIRE
2010-01-15,0.0,0,0,0,EIRE
2010-01-16,0.0,0,0,0,EIRE
2010-01-17,0.0,0,0,0,EIRE
2010-01-18,0.0,0,0,0,EIRE
2010-01-19,940.74,1,1,348,EIRE
2010-01-20,148.82,1,1,122,EIRE
2010-01-21,3565.07,1,1,1338,EIRE
2010-01-22,1972.84,3,2,1036,EIRE
2010-01-23,0.0,0,0,0,EIRE
2010-01-24,0.0,0,0,0,EIRE
2010-01-25,577.4300000000001,1,1,193,EIRE
2010-01-26,0.0,0,0,0,EIRE
2010-01-27,0.0,0,0,0,EIRE
2010-01-28,1019.82,1,1,624,EIRE
2010-01-29,0.0,0,0,0,EIRE
2010-01-30,0.0,0,0,0,EIRE
2010-01-31,1013.18,1,1,526,EIRE
2010-02-01,0.0,0,0,0,EIRE
2010-02-02,2631.27,3,2,1317,EIRE
2010-02-03,0.0,0,0,0,EIRE
2010-02-04,0.0,0,0,0,EIRE
2010-02-05,0.0,0,0,0,EIRE
2010-02-06,0.0,0,0,0,EIRE
2010-02-07,7497.64,1,1,5116,EIRE
2010-02-08,315.1,1,1,126,EIRE
2010-02-09,0.0,0,0,0,EIRE
2010-02-10,0.0,0,0,0,EIRE
2010-02-11,0.0,0,0,0,EIRE
2010-02-12,0.0,0,0,0,EIRE
2010-02-13,0.0,0,0,0,EIRE
2010-02-14,881.86,1,1,918,EIRE
2010-02-15,129.34,1,1,134,EIRE
2010-02-16,454.35,1,1,299,EIRE
2010-02-17,2903.54,3,2,1189,EIRE
2010-02-18,0.0,0,0,0,EIRE
2010-02-19,0.0,0,0,0,EIRE
2010-02-20,0.0,0,0,0,EIRE
2010-02-21,986.8,1,1,314,EIRE
2010-02-22,881.52,1,1,340,EIRE
2010-02-23,0.0,0,0,0,EIRE
2010-02-24,3696.1800000000003,3,1,1865,EIRE
2010-02-25,0.0,0,0,0,EIRE
2010-02-26,0.0,0,0,0,EIRE
2010-02-27,0.0,0,0,0,EIRE
2010-02-28,0.0,0,0,0,EIRE
2010-03-01,0.0,0,0,0,EIRE
2010-03-02,0.0,0,0,0,EIRE
2010-03-03,9534.49,5,2,6500,EIRE
2010-03-04,1025.16,2,2,610,EIRE
2010-03-05,777.64,2,1,2666,EIRE
2010-03-06,0.0,0,0,0,EIRE
2010-03-07,0.0,0,0,0,EIRE
2010-03-08,0.0,0,0,0,EIRE
2010-03-09,0.0,0,0,0,EIRE
2010-03-10,501.95,1,1,222,EIRE
2010-03-11,0.0,0,0,0,EIRE
2010-03-12,917.5600000000001,1,1,442,EIRE
2010-03-13,0.0,0,0,0,EIRE
2010-03-14,0.0,0,0,0,EIRE
2010-03-15,1493.27,2,1,853,EIRE
2010-03-16,0.0,0,0,0,EIRE
2010-03-17,281.32,1,1,210,EIRE
2010-03-18,848.86,2,1,433,EIRE
2010-03-19,1055.51,1,1,470,EIRE
2010-03-20,0.0,0,0,0,EIRE
2010-03-21,0.0,0,0,0,EIRE
2010-03-22,782.4499999999999,1,1,503,EIRE
2010-03-23,239.45000000000002,1,1,99,EIRE
2010-03-24,469.3,1,1,153,EIRE
2010-03-25,1491.67,2,2,782,EIRE
2010-03-26,782.2,1,1,218,EIRE
2010-03-27,0.0,0,0,0,EIRE
2010-03-28,0.0,0,0,0,EIRE
2010-03-29,0.0,0,0,0,EIRE
2010-03-30,1406.97,1,1,595,EIRE
2010-03-31,0.0,0,0,0,EIRE
2010-04-01,0.0,0,0,0,EIRE
2010-04-02,0.0,0,0,0,EIRE
2010-04-03,0.0,0,0,0,EIRE
2010-04-04,0.0,0,0,0,EIRE
2010-04-05,0.0,0,0,0,EIRE
2010-04-06,0.0,0,0,0,EIRE
2010-04-07,1015.48,1,1,204,EIRE
2010-04-08,0.0,0,0,0,EIRE
2010-04-09,0.0,0,0,0,EIRE
2010-04-10,0.0,0,0,0,EIRE
2010-04-11,0.0,0,0,0,EIRE
2010-04-12,1184.18,1,0,645,EIRE
2010-04-13,9475.28,2,1,6336,EIRE
2010-04-14,1167.8799999999999,1,1,628,EIRE
2010-04-15,0.0,0,0,0,EIRE
2010-04-16,0.0,0,0,0,EIRE
2010-04-17,0.0,0,0,0,EIRE
2010-04-18,0.0,0,0,0,EIRE
2010-04-19,2028.03,3,2,1175,EIRE
2010-04-20,538.98,1,1,374,EIRE
2010-04-21,0.0,0,0,0,EIRE
2010-04-22,2294.25,3,2,1568,EIRE
2010-04-23,0.0,0,0,0,EIRE
2010-04-24,0.0,0,0,0,EIRE
2010-04-25,1002.95,1,1,309,EIRE
2010-04-26,2296.11,2,1,1271,EIRE
2010-04-27,0.0,0,0,0,EIRE
2010-04-28,0.0,0,0,0,EIRE
2010-04-29,1642.68,2,1,765,EIRE
2010-04-30,649.46,1,0,432,EIRE
2010-05-01,0.0,0,0,0,EIRE
2010-05-02,1098.27,1,1,631,EIRE
2010-05-03,0.0,0,0,0,EIRE
2010-05-04,964.0,2,1,932,EIRE
2010-05-05,0.0,0,0,0,EIRE
2010-05-06,3402.25,2,2,1871,EIRE
2010-05-07,0.0,0,0,0,EIRE
2010-05-08,0.0,0,0,0,EIRE
2010-05-09,4799.5,3,1,2180,EIRE
2010-05-10,1354.8200000000002,2,1,534,EIRE
2010-05-11,876.55,1,1,589,EIRE
2010-05-12,0.0,0,0,0,EIRE
2010-05-13,1466.38,1,1,974,EIRE
2010-05-14,0.0,0,0,0,EIRE
2010-05-15,0.0,0,0,0,EIRE
2010-05-16,0.0,0,0,0,EIRE
2010-05-17,966.57,1,1,550,EIRE
2010-05-18,0.0,0,0,0,EIRE
2010-05-19,0.0,0,0,0,EIRE
2010-05-20,514.6,2,2,154,EIRE
2010-05-21,1109.75,1,1,275,EIRE
2010-05-22,0.0,0,0,0,EIRE
2010-05-23,0.0,0,0,0,EIRE
2010-05-24,500.41999999999996,1,1,357,EIRE
2010-05-25,0.0,0,0,0,EIRE
2010-05-26,1363.76,1,1,650,EIRE
2010-05-27,0.0,0,0,0,EIRE
2010-05-28,0.0,0,0,0,EIRE
2010-05-29,0.0,0,0,0,EIRE
2010-05-30,0.0,0,0,0,EIRE
2010-05-31,0.0,0,0,0,EIRE
2010-06-01,0.0,0,0,0,EIRE
2010-06-02,0.0,0,0,0,EIRE
2010-06-03,1973.01,3,2,829,EIRE
2010-06-04,0.0,0,0,0,EIRE
2010-06-05,0.0,0,0,0,EIRE
2010-06-06,0.0,0,0,0,EIRE
2010-06-07,0.0,0,0,0,EIRE
2010-06-08,0.0,0,0,0,EIRE
2010-06-09,0.0,0,0,0,EIRE
2010-06-10,0.0,0,0,0,EIRE
2010-06-11,2164.68,2,1,858,EIRE
2010-06-12,0.0,0,0,0,EIRE
2010-06-13,0.0,0,0,0,EIRE
2010-06-14,3671.31,3,1,1521,EIRE
2010-06-15,7896.14,1,1,6102,EIRE
2010-06-16,117.45,1,1,35,EIRE
2010-06-17,783.51,3,1,404,EIRE
2010-06-18,0.0,0,0,0,EIRE
2010-06-19,0.0,0,0,0,EIRE
2010-06-20,935.4,1,1,640,EIRE
2010-06-21,0.0,0,0,0,EIRE
2010-06-22,252.0,1,1,144,EIRE
2010-06-23,1910.61,3,1,629,EIRE
2010-06-24,589.5400000000001,1,1,244,EIRE
2010-06-25,837.3100000000001,1,1,334,EIRE
2010-06-26,0.0,0,0,0,EIRE
2010-06-27,0.0,0,0,0,EIRE
2010-06-28,0.0,0,0,0,EIRE
2010-06-29,17.0,1,1,2,EIRE
2010-06-30,1019.0,2,2,468,EIRE
2010-07-01,914.33,1,1,545,EIRE
2010-07-02,0.0,0,0,0,EIRE
2010-07-03,0.0,0,0,0,EIRE
2010-07-04,0.0,0,0,0,EIRE
2010-07-05,474.3,1,1,148,EIRE
2010-07-06,423.90000000000003,1,1,232,EIRE
2010-07-07,3556.3,3,3,1891,EIRE
2010-07-08,0.0,0,0,0,EIRE
2010-07-09,18408.77,3,2,7648,EIRE
2010-07-10,0.0,0,0,0,EIRE
2010-07-11,0.0,0,0,0,EIRE
2010-07-12,926.39,2,1,348,EIRE
2010-07-13,1370.19,2,1,1014,EIRE
2010-07-14,1949.32,3,1,924,EIRE
2010-07-15,794.22,1,1,330,EIRE
2010-07-16,1629.95,3,2,814,EIRE
2010-07-17,0.0,0,0,0,EIRE
2010-07-18,517.85,1,0,263,EIRE
2010-07-19,0.0,0,0,0,EIRE
2010-07-20,738.4,1,1,284,EIRE
2010-07-21,0.0,0,0,0,EIRE
2010-07-22,0.0,0,0,0,EIRE
2010-07-23,0.0,0,0,0,EIRE
2010-07-24,0.0,0,0,0,EIRE
2010-07-25,0.0,0,0,0,EIRE
2010-07-26,170.63,1,1,97,EIRE
2010-07-27,509.42,1,1,262,EIRE
2010-07-28,0.0,0,0,0,EIRE
2010-07-29,0.0,0,0,0,EIRE
2010-07-30,749.4000000000001,2,1,288,EIRE
2010-07-31,0.0,0,0,0,EIRE
2010-08-01,0.0,0,0,0,EIRE
2010-08-02,0.0,0,0,0,EIRE
2010-08-03,1503.55,1,1,669,EIRE
2010-08-04,0.0,0,0,0,EIRE
2010-08-05,871.76,1,0,321,EIRE
2010-08-06,0.0,0,0,0,EIRE
2010-08-07,0.0,0,0,0,EIRE
2010-08-08,751.6,1,1,492,EIRE
2010-08-09,397.09999999999997,1,1,190,EIRE
2010-08-10,0.0,0,0,0,EIRE
2010-08-11,0.0,0,0,0,EIRE
2010-08-12,806.4,1,1,408,EIRE
2010-08-13,437.87,1,0,217,EIRE
2010-08-14,0.0,0,0,0,EIRE
2010-08-15,1676.72,2,0,758,EIRE
2010-08-16,0.0,0,0,0,EIRE
2010-08-17,0.0,0,0,0,EIRE
2010-08-18,12919.04,2,2,8546,EIRE
2010-08-19,1531.6399999999999,4,2,1218,EIRE
2010-08-20,1095.68,4,2,807,EIRE
2010-08-21,0.0,0,0,0,EIRE
2010-08-22,908.8,1,1,586,EIRE
2010-08-23,761.59,3,1,629,EIRE
2010-08-24,260.86,1,1,170,EIRE
2010-08-25,0.0,0,0,0,EIRE
2010-08-26,363.43,1,1,195,EIRE
2010-08-27,0.0,0,0,0,EIRE
2010-08-28,0.0,0,0,0,EIRE
2010-08-29,0.0,0,0,0,EIRE
2010-08-30,0.0,0,0,0,EIRE
2010-08-31,1097.67,2,1,587,EIRE
2010-09-01,0.0,0,0,0,EIRE
2010-09-02,783.84,1,1,342,EIRE
2010-09-03,0.0,0,0,0,EIRE
2010-09-04,0.0,0,0,0,EIRE
2010-09-05,1094.0900000000001,1,1,523,EIRE
2010-09-06,509.29999999999995,1,1,128,EIRE
2010-09-07,791.73,1,1,617,EIRE
2010-09-08,1268.66,1,1,539,EIRE
2010-09-09,0.0,0,0,0,EIRE
2010-09-10,0.0,0,0,0,EIRE
2010-09-11,0.0,0,0,0,EIRE
2010-09-12,563.9,1,1,730,EIRE
2010-09-13,1936.28,2,2,876,EIRE
2010-09-14,0.0,0,0,0,EIRE
2010-09-15,5099.44,1,1,3968,EIRE
2010-09-16,1982.43,2,2,723,EIRE
2010-09-17,0.0,0,0,0,EIRE
2010-09-18,0.0,0,0,0,EIRE
2010-09-19,0.0,0,0,0,EIRE
2010-09-20,2072.76,3,2,1053,EIRE
2010-09-21,2004.14,4,2,1294,EIRE
2010-09-22,0.0,0,0,0,EIRE
2010-09-23,585.34,1,0,291,EIRE
2010-09-24,0.0,0,0,0,EIRE
2010-09-25,0.0,0,0,0,EIRE
2010-09-26,187.85000000000002,1,1,67,EIRE
2010-09-27,6078.93,4,1,2227,EIRE
2010-09-28,2396.48,2,1,1152,EIRE
2010-09-29,921.25,3,2,429,EIRE
2010-09-30,2151.26,2,2,1542,EIRE
2010-10-01,0.0,0,0,0,EIRE
2010-10-02,0.0,0,0,0,EIRE
2010-10-03,9154.71,4,2,5460,EIRE
2010-10-04,401.4,1,1,76,EIRE
2010-10-05,435.14000000000004,2,1,390,EIRE
2010-10-06,902.91,2,2,471,EIRE
2010-10-07,0.0,0,0,0,EIRE
2010-10-08,465.5,1,1,268,EIRE
2010-10-09,0.0,0,0,0,EIRE
2010-10-10,0.0,0,0,0,EIRE
2010-10-11,698.54,1,1,755,EIRE
2010-10-12,0.0,0,0,0,EIRE
2010-10-13,733.0,2,1,172,EIRE
2010-10-14,3628.3,3,1,1731,EIRE
2010-10-15,0.0,0,0,0,EIRE
2010-10-16,0.0,0,0,0,EIRE
2010-10-17,1917.0,1,0,636,EIRE
2010-10-18,1114.05,2,2,489,EIRE
2010-10-19,1705.05,2,2,631,EIRE
2010-10-20,108.99,1,1,53,EIRE
2010-10-21,6097.4400000000005,7,2,2560,EIRE
2010-10-22,1181.07,3,1,361,EIRE
2010-10-23,0.0,0,0,0,EIRE
2010-10-24,0.0,0,0,0,EIRE
2010-10-25,1164.63,2,1,578,EIRE
2010-10-26,5176.92,4,2,1822,EIRE
2010-10-27,5393.36,2,1,2705,EIRE
2010-10-28,1504.85,2,1,711,EIRE
2010-10-29,0.0,0,0,0,EIRE
2010-10-30,0.0,0,0,0,EIRE
2010-10-31,0.0,0,0,0,EIRE
2010-11-01,1035.79,2,1,666,EIRE
2010-11-02,0.0,0,0,0,EIRE
2010-11-03,1788.77,3,2,743,EIRE
2010-11-04,1321.93,2,1,742,EIRE
2010-11-05,3430.15,4,1,1986,EIRE
2010-11-06,0.0,0,0,0,EIRE
2010-11-07,750.58,1,1,366,EIRE
2010-11-08,1041.98,1,1,398,EIRE
2010-11-09,1659.28,2,2,978,EIRE
2010-11-10,852.88,2,1,522,EIRE
2010-11-11,0.0,0,0,0,EIRE
2010-11-12,1520.94,3,1,666,EIRE
2010-11-13,0.0,0,0,0,EIRE
2010-11-14,0.0,0,0,0,EIRE
2010-11-15,4764.52,3,2,2541,EIRE
2010-11-16,5991.39,3,2,3117,EIRE
2010-11-17,0.0,0,0,0,EIRE
2010-11-18,1759.03,2,1,1094,EIRE
2010-11-19,723.15,2,1,237,EIRE
2010-11-20,0.0,0,0,0,EIRE
2010-11-21,572.88,3,2,216,EIRE
2010-11-22,175.2,1,1,60,EIRE
2010-11-23,787.75,3,2,311,EIRE
2010-11-24,0.0,0,0,0,EIRE
2010-11-25,0.0,0,0,0,EIRE
2010-11-26,1105.81,2,2,475,EIRE
2010-11-27,0.0,0,0,0,EIRE
2010-11-28,0.0,0,0,0,EIRE
2010-11-29,782.58,1,0,330,EIRE
2010-11-30,0.0,0,0,0,EIRE
2010-12-01,505.38,2,1,242,EIRE
2010-12-02,22.5,1,1,6,EIRE
2010-12-03,2389.85,3,2,2553,EIRE
2010-12-04,0.0,0,0,0,EIRE
2010-12-05,0.0,0,0,0,EIRE
2010-12-06,1082.5,3,1,612,EIRE
2010-12-07,0.0,0,0,0,EIRE
2010-12-08,0.0,0,0,0,EIRE
2010-12-09,945.55,1,1,287,EIRE
2010-12-10,1156.05,1,1,379,EIRE
2010-12-11,0.0,0,0,0,EIRE
2010-12-12,0.0,0,0,0,EIRE
2010-12-13,0.0,0,0,0,EIRE
2010-12-14,0.0,0,0,0,EIRE
2010-12-15,0.0,0,0,0,EIRE
2010-12-16,303.8,1,1,96,EIRE
2010-12-17,1324.12,2,1,699,EIRE
2010-12-18,0.0,0,0,0,EIRE
2010-12-19,361.1,1,1,154,EIRE
2010-12-20,0.0,0,0,0,EIRE
2010-12-21,762.3000000000001,1,1,344,EIRE
2010-12-22,0.0,0,0,0,EIRE
2010-12-23,239.85,1,1,107,EIRE
2010-12-24,0.0,0,0,0,EIRE
2010-12-25,0.0,0,0,0,EIRE
2010-12-26,0.0,0,0,0,EIRE
2010-12-27,0.0,0,0,0,EIRE
2010-12-28,0.0,0,0,0,EIRE
2010-12-29,0.0,0,0,0,EIRE
2010-12-30,0.0,0,0,0,EIRE
2010-12-31,0.0,0,0,0,EIRE
2011-01-01,0.0,0,0,0,EIRE
2011-01-02,0.0,0,0,0,EIRE
2011-01-03,0.0,0,0,0,EIRE
2011-01-04,0.0,0,0,0,EIRE
2011-01-05,0.0,0,0,0,EIRE
2011-01-06,0.0,0,0,0,EIRE
2011-01-07,0.0,0,0,0,EIRE
2011-01-08,0.0,0,0,0,EIRE
2011-01-09,208.0,1,1,84,EIRE
2011-01-10,0.0,0,0,0,EIRE
2011-01-11,0.0,0,0,0,EIRE
2011-01-12,0.0,0,0,0,EIRE
2011-01-13,0.0,0,0,0,EIRE
2011-01-14,14225.92,1,1,5526,EIRE
2011-01-15,0.0,0,0,0,EIRE
2011-01-16,0.0,0,0,0,EIRE
2011-01-17,0.0,0,0,0,EIRE
2011-01-18,415.58,1,1,286,EIRE
2011-01-19,0.0,0,0,0,EIRE
2011-01-20,2756.84,1,1,1332,EIRE
2011-01-21,0.0,0,0,0,EIRE
2011-01-22,0.0,0,0,0,EIRE
2011-01-23,0.0,0,0,0,EIRE
2011-01-24,232.44,1,1,46,EIRE
2011-01-25,0.0,0,0,0,EIRE
2011-01-26,802.56,1,1,690,EIRE
2011-01-27,494.15,1,1,152,EIRE
2011-01-28,0.0,0,0,0,EIRE
2011-01-29,0.0,0,0,0,EIRE
2011-01-30,0.0,0,0,0,EIRE
2011-01-31,0.0,0,0,0,EIRE
2011-02-01,797.77,1,1,463,EIRE
2011-02-02,15.0,1,0,4,EIRE
2011-02-03,788.06,1,1,270,EIRE
2011-02-04,162.65,1,1,73,EIRE
2011-02-05,0.0,0,0,0,EIRE
2011-02-06,0.0,0,0,0,EIRE
2011-02-07,0.0,0,0,0,EIRE
2011-02-08,0.0,0,0,0,EIRE
2011-02-09,0.0,0,0,0,EIRE
2011-02-10,0.0,0,0,0,EIRE
2011-02-11,0.0,0,0,0,EIRE
2011-02-12,0.0,0,0,0,EIRE
2011-02-13,0.0,0,0,0,EIRE
2011-02-14,3075.71,2,1,1477,EIRE
2011-02-15,4347.5,2,1,2390,EIRE
2011-02-16,0.0,0,0,0,EIRE
2011-02-17,231.12,1,1,86,EIRE
2011-02-18,112.69999999999999,1,1,60,EIRE
2011-02-19,0.0,0,0,0,EIRE
2011-02-20,0.0,0,0,0,EIRE
2011-02-21,1011.08,2,0,472,EIRE
2011-02-22,0.0,0,0,0,EIRE
2011-02-23,1480.2,1,1,668,EIRE
2011-02-24,0.0,0,0,0,EIRE
2011-02-25,0.0,0,0,0,EIRE
2011-02-26,0.0,0,0,0,EIRE
2011-02-27,0.0,0,0,0,EIRE
2011-02-28,0.0,0,0,0,EIRE
2011-03-01,2541.15,1,1,669,EIRE
2011-03-02,0.0,0,0,0,EIRE
2011-03-03,0.0,0,0,0,EIRE
2011-03-04,1115.99,2,1,850,EIRE
2011-03-05,0.0,0,0,0,EIRE
2011-03-06,0.0,0,0,0,EIRE
2011-03-07,0.0,0,0,0,EIRE
2011-03-08,0.0,0,0,0,EIRE
2011-03-09,0.0,0,0,0,EIRE
2011-03-10,6112.0199999999995,4,1,3415,EIRE
2011-03-11,0.0,0,0,0,EIRE
2011-03-12,0.0,0,0,0,EIRE
2011-03-13,0.0,0,0,0,EIRE
2011-03-14,1707.55,3,1,928,EIRE
2011-03-15,3389.6,3,3,1174,EIRE
2011-03-16,0.0,0,0,0,EIRE
2011-03-17,331.78,1,1,416,EIRE
2011-03-18,743.71,1,1,265,EIRE
2011-03-19,0.0,0,0,0,EIRE
2011-03-20,147.8,1,1,72,EIRE
2011-03-21,0.0,0,0,0,EIRE
2011-03-22,0.0,0,0,0,EIRE
2011-03-23,0.0,0,0,0,EIRE
2011-03-24,365.45,1,1,113,EIRE
2011-03-25,750.37,1,1,533,EIRE
2011-03-26,0.0,0,0,0,EIRE
2011-03-27,0.0,0,0,0,EIRE
2011-03-28,476.25,1,1,743,EIRE
2011-03-29,473.15000000000003,1,0,333,EIRE
2011-03-30,0.0,0,0,0,EIRE
2011-03-31,118.39999999999999,1,1,44,EIRE
2011-04-01,1387.29,1,1,711,EIRE
2011-04-02,0.0,0,0,0,EIRE
2011-04-03,0.0,0,0,0,EIRE
2011-04-04,2385.37,2,2,1237,EIRE
2011-04-05,0.0,0,0,0,EIRE
2011-04-06,955.99,1,1,655,EIRE
2011-04-07,533.41,2,1,389,EIRE
2011-04-08,0.0,0,0,0,EIRE
2011-04-09,0.0,0,0,0,EIRE
2011-04-10,0.0,0,0,0,EIRE
2011-04-11,948.53,2,1,589,EIRE
2011-04-12,0.0,0,0,0,EIRE
2011-04-13,0.0,0,0,0,EIRE
2011-04-14,0.0,0,0,0,EIRE
2011-04-15,0.0,0,0,0,EIRE
2011-04-16,0.0,0,0,0,EIRE
2011-04-17,396.74,1,1,150,EIRE
2011-04-18,0.0,0,0,0,EIRE
2011-04-19,317.62,1,1,233,EIRE
2011-04-20,0.0,0,0,0,EIRE
2011-04-21,0.0,0,0,0,EIRE
2011-04-22,0.0,0,0,0,EIRE
2011-04-23,0.0,0,0,0,EIRE
2011-04-24,0.0,0,0,0,EIRE
2011-04-25,0.0,0,0,0,EIRE
2011-04-26,0.0,0,0,0,EIRE
2011-04-27,312.9,1,1,162,EIRE
2011-04-28,0.0,0,0,0,EIRE
2011-04-29,0.0,0,0,0,EIRE
2011-04-30,0.0,0,0,0,EIRE
2011-05-01,0.0,0,0,0,EIRE
2011-05-02,0.0,0,0,0,EIRE
2011-05-03,1154.31,2,1,530,EIRE
2011-05-04,0.0,0,0,0,EIRE
2011-05-05,311.82,1,1,180,EIRE
2011-05-06,3869.18,1,1,1694,EIRE
2011-05-07,0.0,0,0,0,EIRE
2011-05-08,844.83,1,1,440,EIRE
2011-05-09,0.0,0,0,0,EIRE
2011-05-10,810.45,3,0,349,EIRE
2011-05-11,0.0,0,0,0,EIRE
2011-05-12,0.0,0,0,0,EIRE
2011-05-13,0.0,0,0,0,EIRE
2011-05-14,0.0,0,0,0,EIRE
2011-05-15,553.78,1,1,138,EIRE
2011-05-16,4615.36,4,3,2274,EIRE
2011-05-17,1216.12,1,0,428,EIRE
2011-05-18,1414.36,1,1,636,EIRE
2011-05-19,1153.8,2,1,396,EIRE
2011-05-20,330.32,1,1,225,EIRE
2011-05-21,0.0,0,0,0,EIRE
2011-05-22,0.0,0,0,0,EIRE
2011-05-23,1007.75,1,1,401,EIRE
2011-05-24,0.0,0,0,0,EIRE
2011-05-25,0.0,0,0,0,EIRE
2011-05-26,438.24,2,1,308,EIRE
2011-05-27,0.0,0,0,0,EIRE
2011-05-28,0.0,0,0,0,EIRE
2011-05-29,0.0,0,0,0,EIRE
2011-05-30,0.0,0,0,0,EIRE
2011-05-31,0.0,0,0,0,EIRE
2011-06-01,0.0,0,0,0,EIRE
2011-06-02,0.0,0,0,0,EIRE
2011-06-03,0.0,0,0,0,EIRE
2011-06-04,0.0,0,0,0,EIRE
2011-06-05,0.0,0,0,0,EIRE
2011-06-06,958.12,1,1,404,EIRE
2011-06-07,204.31,1,1,191,EIRE
2011-06-08,3351.32,2,1,2582,EIRE
2011-06-09,884.27,2,1,505,EIRE
2011-06-10,0.0,0,0,0,EIRE
2011-06-11,0.0,0,0,0,EIRE
2011-06-12,0.0,0,0,0,EIRE
2011-06-13,796.42,1,1,421,EIRE
2011-06-14,0.0,0,0,0,EIRE
2011-06-15,4483.58,2,1,3026,EIRE
2011-06-16,1012.86,1,1,268,EIRE
2011-06-17,576.13,1,1,355,EIRE
2011-06-18,0.0,0,0,0,EIRE
2011-06-19,253.3,1,1,83,EIRE
2011-06-20,0.0,0,0,0,EIRE
2011-06-21,122.39999999999999,1,1,48,EIRE
2011-06-22,904.1999999999999,2,2,576,EIRE
2011-06-23,308.35,1,1,185,EIRE
2011-06-24,1492.51,3,1,875,EIRE
2011-06-25,0.0,0,0,0,EIRE
2011-06-26,0.0,0,0,0,EIRE
2011-06-27,816.32,2,1,393,EIRE
2011-06-28,0.0,0,0,0,EIRE
2011-06-29,3738.9900000000002,3,2,2566,EIRE
2011-06-30,756.36,1,1,394,EIRE
2011-07-01,1694.18,3,3,796,EIRE
2011-07-02,0.0,0,0,0,EIRE
2011-07-03,0.0,0,0,0,EIRE
2011-07-04,1170.8,3,0,537,EIRE
2011-07-05,155.60000000000002,1,1,20,EIRE
2011-07-06,0.0,0,0,0,EIRE
2011-07-07,0.0,0,0,0,EIRE
2011-07-08,0.0,0,0,0,EIRE
2011-07-09,0.0,0,0,0,EIRE
2011-07-10,0.0,0,0,0,EIRE
2011-07-11,0.0,0,0,0,EIRE
2011-07-12,0.0,0,0,0,EIRE
2011-07-13,0.0,0,0,0,EIRE
2011-07-14,1738.87,2,2,841,EIRE
2011-07-15,0.0,0,0,0,EIRE
2011-07-16,0.0,0,0,0,EIRE
2011-07-17,0.0,0,0,0,EIRE
2011-07-18,1062.23,2,1,1347,EIRE
2011-07-19,13534.64,4,2,7240,EIRE
2011-07-20,0.0,0,0,0,EIRE
2011-07-21,1238.29,3,1,643,EIRE
2011-07-22,0.0,0,0,0,EIRE
2011-07-23,0.0,0,0,0,EIRE
2011-07-24,0.0,0,0,0,EIRE
2011-07-25,0.0,0,0,0,EIRE
2011-07-26,346.77,1,1,251,EIRE
2011-07-27,764.51,2,1,657,EIRE
2011-07-28,1636.59,3,1,1325,EIRE
2011-07-29,677.94,1,1,282,EIRE
2011-07-30,0.0,0,0,0,EIRE
2011-07-31,14520.369999999999,2,2,6656,EIRE
2011-08-01,0.0,0,0,0,EIRE
2011-08-02,0.0,0,0,0,EIRE
2011-08-03,0.0,0,0,0,EIRE
2011-08-04,4345.1,1,1,2270,EIRE
2011-08-05,1555.23,1,1,738,EIRE
2011-08-06,0.0,0,0,0,EIRE
2011-08-07,0.0,0,0,0,EIRE
2011-08-08,802.52,1,1,596,EIRE
2011-08-09,0.0,0,0,0,EIRE
2011-08-10,1253.05,1,1,391,EIRE
2011-08-11,1622.4,2,1,1186,EIRE
2011-08-12,2165.63,2,1,1045,EIRE
2011-08-13,0.0,0,0,0,EIRE
2011-08-14,0.0,0,0,0,EIRE
2011-08-15,417.42,1,1,579,EIRE
2011-08-16,0.0,0,0,0,EIRE
2011-08-17,2148.04,3,1,842,EIRE
2011-08-18,124.35000000000001,1,1,37,EIRE
2011-08-19,929.49,1,1,596,EIRE
2011-08-20,0.0,0,0,0,EIRE
2011-08-21,408.90000000000003,1,1,147,EIRE
2011-08-22,0.0,0,0,0,EIRE
2011-08-23,767.02,1,0,734,EIRE
2011-08-24,0.0,0,0,0,EIRE
2011-08-25,0.0,0,0,0,EIRE
2011-08-26,1390.66,2,1,846,EIRE
2011-08-27,0.0,0,0,0,EIRE
2011-08-28,0.0,0,0,0,EIRE
2011-08-29,0.0,0,0,0,EIRE
2011-08-30,0.0,0,0,0,EIRE
2011-08-31,0.0,0,0,0,EIRE
2011-09-01,3880.56,2,1,2184,EIRE
2011-09-02,731.28,1,1,160,EIRE
2011-09-03,0.0,0,0,0,EIRE
2011-09-04,629.04,1,1,1272,EIRE
2011-09-05,8293.86,2,1,5390,EIRE
2011-09-06,4234.1900000000005,2,1,1285,EIRE
2011-09-07,3315.29,4,2,1875,EIRE
2011-09-08,2091.06,2,0,950,EIRE
2011-09-09,0.0,0,0,0,EIRE
2011-09-10,0.0,0,0,0,EIRE
2011-09-11,0.0,0,0,0,EIRE
2011-09-12,0.0,0,0,0,EIRE
2011-09-13,0.0,0,0,0,EIRE
2011-09-14,768.61,1,1,733,EIRE
2011-09-15,593.53,2,1,309,EIRE
2011-09-16,0.0,0,0,0,EIRE
2011-09-17,0.0,0,0,0,EIRE
2011-09-18,0.0,0,0,0,EIRE
2011-09-19,648.48,1,1,166,EIRE
2011-09-20,1798.39,2,1,957,EIRE
2011-09-21,331.22,1,1,93,EIRE
2011-09-22,1204.42,3,1,807,EIRE
2011-09-23,2909.8,2,1,1780,EIRE
2011-09-24,0.0,0,0,0,EIRE
2011-09-25,0.0,0,0,0,EIRE
2011-09-26,1106.14,2,1,479,EIRE
2011-09-27,776.3000000000001,1,1,202,EIRE
2011-09-28,2214.9900000000002,5,1,1014,EIRE
2011-09-29,0.0,0,0,0,EIRE
2011-09-30,6155.54,3,2,3123,EIRE
2011-10-01,0.0,0,0,0,EIRE
2011-10-02,0.0,0,0,0,EIRE
2011-10-03,0.0,0,0,0,EIRE
2011-10-04,0.0,0,0,0,EIRE
2011-10-05,0.0,0,0,0,EIRE
2011-10-06,371.3,1,1,228,EIRE
2011-10-07,872.34,1,1,444,EIRE
2011-10-08,0.0,0,0,0,EIRE
2011-10-09,0.0,0,0,0,EIRE
2011-10-10,3201.28,3,2,1018,EIRE
2011-10-11,1510.84,3,1,2204,EIRE
2011-10-12,2097.56,5,2,1035,EIRE
2011-10-13,0.0,0,0,0,EIRE
2011-10-14,356.84,1,1,352,EIRE
2011-10-15,0.0,0,0,0,EIRE
2011-10-16,0.0,0,0,0,EIRE
2011-10-17,5399.12,7,2,2620,EIRE
2011-10-18,1512.17,2,2,625,EIRE
2011-10-19,1588.75,1,1,711,EIRE
2011-10-20,3571.35,2,1,4952,EIRE
2011-10-21,1680.03,2,2,901,EIRE
2011-10-22,0.0,0,0,0,EIRE
2011-10-23,0.0,0,0,0,EIRE
2011-10-24,596.02,1,1,220,EIRE
2011-10-25,0.0,0,0,0,EIRE
2011-10-26,0.0,0,0,0,EIRE
2011-10-27,0.0,0,0,0,EIRE
2011-10-28,0.0,0,0,0,EIRE
2011-10-29,0.0,0,0,0,EIRE
2011-10-30,451.65999999999997,1,1,184,EIRE
2011-10-31,546.91,1,1,391,EIRE
2011-11-01,2047.05,2,1,894,EIRE
2011-11-02,0.0,0,0,0,EIRE
2011-11-03,0.0,0,0,0,EIRE
2011-11-04,0.0,0,0,0,EIRE
2011-11-05,0.0,0,0,0,EIRE
2011-11-06,0.0,0,0,0,EIRE
2011-11-07,982.3299999999999,4,2,763,EIRE
2011-11-08,0.0,0,0,0,EIRE
2011-11-09,826.04,1,1,580,EIRE
2011-11-10,1003.03,1,1,496,EIRE
2011-11-11,2406.77,3,2,1250,EIRE
2011-11-12,0.0,0,0,0,EIRE
2011-11-13,4454.44,4,1,2643,EIRE
2011-11-14,298.21,1,1,205,EIRE
2011-11-15,2096.31,5,2,1203,EIRE
2011-11-16,4806.29,3,2,3080,EIRE
2011-11-17,1602.42,2,1,631,EIRE
2011-11-18,785.5600000000001,1,1,296,EIRE
2011-11-19,0.0,0,0,0,EIRE
2011-11-20,917.54,1,1,440,EIRE
2011-11-21,900.6,2,1,626,EIRE
2011-11-22,1955.2,3,1,1483,EIRE
2011-11-23,127.33000000000001,1,1,59,EIRE
2011-11-24,157.14000000000001,1,1,142,EIRE
2011-11-25,243.79,1,1,91,EIRE
2011-11-26,0.0,0,0,0,EIRE
2011-11-27,829.91,1,1,225,EIRE
2011-11-28,1878.83,2,1,945,EIRE
2011-11-29,0.0,0,0,0,EIRE
2011-11-30,1494.64,3,2,585,EIRE
2011-12-01,888.9200000000001,3,1,562,EIRE
2011-12-02,0.0,0,0,0,EIRE
2011-12-03,0.0,0,0,0,EIRE
2011-12-04,773.54,1,1,534,EIRE
2011-12-05,537.4,2,1,218,EIRE
2011-12-06,0.0,0,0,0,EIRE
2011-12-07,3856.89,3,1,1998,EIRE
2011-12-08,1084.14,1,1,806,EIRE
2011-12-09,0.0,0,0,0,EIRE
2009-12-01,0.0,0,0,0,Netherlands
2009-12-02,5711.04,2,1,3792,Netherlands
2009-12-03,0.0,0,0,0,Netherlands
2009-12-04,454.26,1,1,278,Netherlands
2009-12-05,0.0,0,0,0,Netherlands
2009-12-06,0.0,0,0,0,Netherlands
2009-12-07,0.0,0,0,0,Netherlands
2009-12-08,89.15,1,1,50,Netherlands
2009-12-09,0.0,0,0,0,Netherlands
2009-12-10,0.0,0,0,0,Netherlands
2009-12-11,0.0,0,0,0,Netherlands
2009-12-12,0.0,0,0,0,Netherlands
2009-12-13,0.0,0,0,0,Netherlands
2009-12-14,0.0,0,0,0,Netherlands
2009-12-15,0.0,0,0,0,Netherlands
2009-12-16,421.2,1,1,132,Netherlands
2009-12-17,0.0,0,0,0,Netherlands
2009-12-18,8370.08,1,1,6560,Netherlands
2009-12-19,0.0,0,0,0,Netherlands
2009-12-20,0.0,0,0,0,Netherlands
2009-12-21,0.0,0,0,0,Netherlands
2009-12-22,0.0,0,0,0,Netherlands
2009-12-23,0.0,0,0,0,Netherlands
2009-12-24,0.0,0,0,0,Netherlands
2009-12-25,0.0,0,0,0,Netherlands
2009-12-26,0.0,0,0,0,Netherlands
2009-12-27,0.0,0,0,0,Netherlands
2009-12-28,0.0,0,0,0,Netherlands
2009-12-29,0.0,0,0,0,Netherlands
2009-12-30,0.0,0,0,0,Netherlands
2009-12-31,0.0,0,0,0,Netherlands
2010-01-01,0.0,0,0,0,Netherlands
2010-01-02,0.0,0,0,0,Netherlands
2010-01-03,0.0,0,0,0,Netherlands
2010-01-04,0.0,0,0,0,Netherlands
2010-01-05,0.0,0,0,0,Netherlands
2010-01-06,0.0,0,0,0,Netherlands
2010-01-07,0.0,0,0,0,Netherlands
2010-01-08,0.0,0,0,0,Netherlands
2010-01-09,0.0,0,0,0,Netherlands
2010-01-10,0.0,0,0,0,Netherlands
2010-01-11,122.88,1,1,192,Netherlands
2010-01-12,0.0,0,0,0,Netherlands
2010-01-13,0.0,0,0,0,Netherlands
2010-01-14,0.0,0,0,0,Netherlands
2010-01-15,300.45,2,2,195,Netherlands
2010-01-16,0.0,0,0,0,Netherlands
2010-01-17,0.0,0,0,0,Netherlands
2010-01-18,0.0,0,0,0,Netherlands
2010-01-19,0.0,0,0,0,Netherlands
2010-01-20,0.0,0,0,0,Netherlands
2010-01-21,0.0,0,0,0,Netherlands
2010-01-22,10173.56,2,1,7308,Netherlands
2010-01-23,0.0,0,0,0,Netherlands
2010-01-24,0.0,0,0,0,Netherlands
2010-01-25,0.0,0,0,0,Netherlands
2010-01-26,18570.88,1,1,12832,Netherlands
2010-01-27,0.0,0,0,0,Netherlands
2010-01-28,0.0,0,0,0,Netherlands
2010-01-29,0.0,0,0,0,Netherlands
2010-01-30,0.0,0,0,0,Netherlands
2010-01-31,0.0,0,0,0,Netherlands
2010-02-01,0.0,0,0,0,Netherlands
2010-02-02,0.0,0,0,0,Netherlands
2010-02-03,236.5,1,1,86,Netherlands
2010-02-04,0.0,0,0,0,Netherlands
2010-02-05,0.0,0,0,0,Netherlands
2010-02-06,0.0,0,0,0,Netherlands
2010-02-07,0.0,0,0,0,Netherlands
2010-02-08,0.0,0,0,0,Netherlands
2010-02-09,0.0,0,0,0,Netherlands
2010-02-10,0.0,0,0,0,Netherlands
2010-02-11,0.0,0,0,0,Netherlands
2010-02-12,0.0,0,0,0,Netherlands
2010-02-13,0.0,0,0,0,Netherlands
2010-02-14,0.0,0,0,0,Netherlands
2010-02-15,0.0,0,0,0,Netherlands
2010-02-16,0.0,0,0,0,Netherlands
2010-02-17,0.0,0,0,0,Netherlands
2010-02-18,14596.6,3,1,8220,Netherlands
2010-02-19,0.0,0,0,0,Netherlands
2010-02-20,0.0,0,0,0,Netherlands
2010-02-21,0.0,0,0,0,Netherlands
2010-02-22,0.0,0,0,0,Netherlands
2010-02-23,0.0,0,0,0,Netherlands
2010-02-24,1112.2,1,1,640,Netherlands
2010-02-25,0.0,0,0,0,Netherlands
2010-02-26,199.09,2,1,134,Netherlands
2010-02-27,0.0,0,0,0,Netherlands
2010-02-28,0.0,0,0,0,Netherlands
2010-03-01,0.0,0,0,0,Netherlands
2010-03-02,1562.94,1,1,1782,Netherlands
2010-03-03,0.0,0,0,0,Netherlands
2010-03-04,0.0,0,0,0,Netherlands
2010-03-05,0.0,0,0,0,Netherlands
2010-03-06,0.0,0,0,0,Netherlands
2010-03-07,0.0,0,0,0,Netherlands
2010-03-08,132.0,1,1,100,Netherlands
2010-03-09,0.0,0,0,0,Netherlands
2010-03-10,0.0,0,0,0,Netherlands
2010-03-11,3425.2599999999998,1,1,2158,Netherlands
2010-03-12,7482.62,3,1,4414,Netherlands
2010-03-13,0.0,0,0,0,Netherlands
2010-03-14,1968.98,1,1,1424,Netherlands
2010-03-15,165.0,1,1,100,Netherlands
2010-03-16,0.0,0,0,0,Netherlands
2010-03-17,0.0,0,0,0,Netherlands
2010-03-18,0.0,0,0,0,Netherlands
2010-03-19,0.0,0,0,0,Netherlands
2010-03-20,0.0,0,0,0,Netherlands
2010-03-21,351.0,1,1,180,Netherlands
2010-03-22,0.0,0,0,0,Netherlands
2010-03-23,0.0,0,0,0,Netherlands
2010-03-24,0.0,0,0,0,Netherlands
2010-03-25,131.67999999999998,1,1,68,Netherlands
2010-03-26,8899.42,4,2,6382,Netherlands
2010-03-27,0.0,0,0,0,Netherlands
2010-03-28,0.0,0,0,0,Netherlands
2010-03-29,0.0,0,0,0,Netherlands
2010-03-30,0.0,0,0,0,Netherlands
2010-03-31,0.0,0,0,0,Netherlands
2010-04-01,2587.58,1,1,2402,Netherlands
2010-04-02,0.0,0,0,0,Netherlands
2010-04-03,0.0,0,0,0,Netherlands
2010-04-04,0.0,0,0,0,Netherlands
2010-04-05,0.0,0,0,0,Netherlands
2010-04-06,0.0,0,0,0,Netherlands
2010-04-07,0.0,0,0,0,Netherlands
2010-04-08,217.5,1,1,146,Netherlands
2010-04-09,668.5,1,1,320,Netherlands
2010-04-10,0.0,0,0,0,Netherlands
2010-04-11,0.0,0,0,0,Netherlands
2010-04-12,0.0,0,0,0,Netherlands
2010-04-13,181.7,1,1,98,Netherlands
2010-04-14,0.0,0,0,0,Netherlands
2010-04-15,0.0,0,0,0,Netherlands
2010-04-16,348.6,1,1,364,Netherlands
2010-04-17,0.0,0,0,0,Netherlands
2010-04-18,115.07,1,1,67,Netherlands
2010-04-19,0.0,0,0,0,Netherlands
2010-04-20,322.4,1,1,284,Netherlands
2010-04-21,0.0,0,0,0,Netherlands
2010-04-22,581.85,1,1,323,Netherlands
2010-04-23,0.0,0,0,0,Netherlands
2010-04-24,0.0,0,0,0,Netherlands
2010-04-25,0.0,0,0,0,Netherlands
2010-04-26,0.0,0,0,0,Netherlands
2010-04-27,0.0,0,0,0,Netherlands
2010-04-28,0.0,0,0,0,Netherlands
2010-04-29,0.0,0,0,0,Netherlands
2010-04-30,1069.5,1,1,850,Netherlands
2010-05-01,0.0,0,0,0,Netherlands
2010-05-02,118.79999999999998,1,1,72,Netherlands
2010-05-03,0.0,0,0,0,Netherlands
2010-05-04,0.0,0,0,0,Netherlands
2010-05-05,0.0,0,0,0,Netherlands
2010-05-06,18002.0,3,1,11784,Netherlands
2010-05-07,0.0,0,0,0,Netherlands
2010-05-08,0.0,0,0,0,Netherlands
2010-05-09,0.0,0,0,0,Netherlands
2010-05-10,776.6,1,1,544,Netherlands
2010-05-11,0.0,0,0,0,Netherlands
2010-05-12,0.0,0,0,0,Netherlands
2010-05-13,0.0,0,0,0,Netherlands
2010-05-14,0.0,0,0,0,Netherlands
2010-05-15,0.0,0,0,0,Netherlands
2010-05-16,1489.46,1,1,1234,Netherlands
2010-05-17,0.0,0,0,0,Netherlands
2010-05-18,0.0,0,0,0,Netherlands
2010-05-19,0.0,0,0,0,Netherlands
2010-05-20,0.0,0,0,0,Netherlands
2010-05-21,0.0,0,0,0,Netherlands
2010-05-22,0.0,0,0,0,Netherlands
2010-05-23,0.0,0,0,0,Netherlands
2010-05-24,1120.42,1,1,732,Netherlands
2010-05-25,714.25,1,1,531,Netherlands
2010-05-26,0.0,0,0,0,Netherlands
2010-05-27,0.0,0,0,0,Netherlands
2010-05-28,0.0,0,0,0,Netherlands
2010-05-29,0.0,0,0,0,Netherlands
2010-05-30,0.0,0,0,0,Netherlands
2010-05-31,0.0,0,0,0,Netherlands
2010-06-01,0.0,0,0,0,Netherlands
2010-06-02,0.0,0,0,0,Netherlands
2010-06-03,4433.42,2,1,3612,Netherlands
2010-06-04,0.0,0,0,0,Netherlands
2010-06-05,0.0,0,0,0,Netherlands
2010-06-06,0.0,0,0,0,Netherlands
2010-06-07,0.0,0,0,0,Netherlands
2010-06-08,0.0,0,0,0,Netherlands
2010-06-09,0.0,0,0,0,Netherlands
2010-06-10,0.0,0,0,0,Netherlands
2010-06-11,0.0,0,0,0,Netherlands
2010-06-12,0.0,0,0,0,Netherlands
2010-06-13,0.0,0,0,0,Netherlands
2010-06-14,0.0,0,0,0,Netherlands
2010-06-15,0.0,0,0,0,Netherlands
2010-06-16,0.0,0,0,0,Netherlands
2010-06-17,0.0,0,0,0,Netherlands
2010-06-18,4461.71,2,2,2759,Netherlands
2010-06-19,0.0,0,0,0,Netherlands
2010-06-20,0.0,0,0,0,Netherlands
2010-06-21,0.0,0,0,0,Netherlands
2010-06-22,83.7,1,1,52,Netherlands
2010-06-23,0.0,0,0,0,Netherlands
2010-06-24,0.0,0,0,0,Netherlands
2010-06-25,0.0,0,0,0,Netherlands
2010-06-26,0.0,0,0,0,Netherlands
2010-06-27,0.0,0,0,0,Netherlands
2010-06-28,14870.38,2,1,9162,Netherlands
2010-06-29,146.1,1,1,74,Netherlands
2010-06-30,0.0,0,0,0,Netherlands
2010-07-01,207.39999999999998,1,1,144,Netherlands
2010-07-02,0.0,0,0,0,Netherlands
2010-07-03,0.0,0,0,0,Netherlands
2010-07-04,0.0,0,0,0,Netherlands
2010-07-05,0.0,0,0,0,Netherlands
2010-07-06,0.0,0,0,0,Netherlands
2010-07-07,451.45,1,1,314,Netherlands
2010-07-08,0.0,0,0,0,Netherlands
2010-07-09,0.0,0,0,0,Netherlands
2010-07-10,0.0,0,0,0,Netherlands
2010-07-11,0.0,0,0,0,Netherlands
2010-07-12,0.0,0,0,0,Netherlands
2010-07-13,0.0,0,0,0,Netherlands
2010-07-14,0.0,0,0,0,Netherlands
2010-07-15,163.65,2,2,63,Netherlands
2010-07-16,0.0,0,0,0,Netherlands
2010-07-17,0.0,0,0,0,Netherlands
2010-07-18,0.0,0,0,0,Netherlands
2010-07-19,3652.94,1,1,2258,Netherlands
2010-07-20,0.0,0,0,0,Netherlands
2010-07-21,0.0,0,0,0,Netherlands
2010-07-22,50.800000000000004,1,1,20,Netherlands
2010-07-23,0.0,0,0,0,Netherlands
2010-07-24,0.0,0,0,0,Netherlands
2010-07-25,34.2,1,1,16,Netherlands
2010-07-26,619.0,1,1,410,Netherlands
2010-07-27,178.28,1,1,100,Netherlands
2010-07-28,0.0,0,0,0,Netherlands
2010-07-29,0.0,0,0,0,Netherlands
2010-07-30,0.0,0,0,0,Netherlands
2010-07-31,0.0,0,0,0,Netherlands
2010-08-01,0.0,0,0,0,Netherlands
2010-08-02,0.0,0,0,0,Netherlands
2010-08-03,0.0,0,0,0,Netherlands
2010-08-04,344.88,1,1,264,Netherlands
2010-08-05,0.0,0,0,0,Netherlands
2010-08-06,0.0,0,0,0,Netherlands
2010-08-07,0.0,0,0,0,Netherlands
2010-08-08,0.0,0,0,0,Netherlands
2010-08-09,0.0,0,0,0,Netherlands
2010-08-10,16605.4,2,1,11920,Netherlands
2010-08-11,0.0,0,0,0,Netherlands
2010-08-12,0.0,0,0,0,Netherlands
2010-08-13,0.0,0,0,0,Netherlands
2010-08-14,0.0,0,0,0,Netherlands
2010-08-15,399.15000000000003,1,1,145,Netherlands
2010-08-16,0.0,0,0,0,Netherlands
2010-08-17,5714.38,1,1,4066,Netherlands
2010-08-18,0.0,0,0,0,Netherlands
2010-08-19,0.0,0,0,0,Netherlands
2010-08-20,165.0,1,1,100,Netherlands
2010-08-21,0.0,0,0,0,Netherlands
2010-08-22,0.0,0,0,0,Netherlands
2010-08-23,0.0,0,0,0,Netherlands
2010-08-24,279.0,1,1,276,Netherlands
2010-08-25,0.0,0,0,0,Netherlands
2010-08-26,402.49,1,1,631,Netherlands
2010-08-27,0.0,0,0,0,Netherlands
2010-08-28,0.0,0,0,0,Netherlands
2010-08-29,0.0,0,0,0,Netherlands
2010-08-30,0.0,0,0,0,Netherlands
2010-08-31,147.09,1,1,170,Netherlands
2010-09-01,6540.79,2,2,5089,Netherlands
2010-09-02,5139.12,2,2,3772,Netherlands
2010-09-03,0.0,0,0,0,Netherlands
2010-09-04,0.0,0,0,0,Netherlands
2010-09-05,0.0,0,0,0,Netherlands
2010-09-06,0.0,0,0,0,Netherlands
2010-09-07,1620.0,1,1,432,Netherlands
2010-09-08,0.0,0,0,0,Netherlands
2010-09-09,0.0,0,0,0,Netherlands
2010-09-10,317.8,1,1,196,Netherlands
2010-09-11,0.0,0,0,0,Netherlands
2010-09-12,0.0,0,0,0,Netherlands
2010-09-13,0.0,0,0,0,Netherlands
2010-09-14,162.41,1,1,155,Netherlands
2010-09-15,4422.25,1,1,2917,Netherlands
2010-09-16,0.0,0,0,0,Netherlands
2010-09-17,0.0,0,0,0,Netherlands
2010-09-18,0.0,0,0,0,Netherlands
2010-09-19,2060.2599999999998,1,1,1218,Netherlands
2010-09-20,0.0,0,0,0,Netherlands
2010-09-21,334.41,1,1,315,Netherlands
2010-09-22,0.0,0,0,0,Netherlands
2010-09-23,0.0,0,0,0,Netherlands
2010-09-24,23237.72,2,1,14264,Netherlands
2010-09-25,0.0,0,0,0,Netherlands
2010-09-26,0.0,0,0,0,Netherlands
2010-09-27,84.72,1,1,46,Netherlands
2010-09-28,548.38,1,1,490,Netherlands
2010-09-29,0.0,0,0,0,Netherlands
2010-09-30,0.0,0,0,0,Netherlands
2010-10-01,3272.5,2,1,3198,Netherlands
2010-10-02,0.0,0,0,0,Netherlands
2010-10-03,0.0,0,0,0,Netherlands
2010-10-04,0.0,0,0,0,Netherlands
2010-10-05,0.0,0,0,0,Netherlands
2010-10-06,0.0,0,0,0,Netherlands
2010-10-07,0.0,0,0,0,Netherlands
2010-10-08,1213.6799999999998,1,1,824,Netherlands
2010-10-09,0.0,0,0,0,Netherlands
2010-10-10,0.0,0,0,0,Netherlands
2010-10-11,0.0,0,0,0,Netherlands
2010-10-12,0.0,0,0,0,Netherlands
2010-10-13,11182.5,2,1,12822,Netherlands
2010-10-14,139.20000000000002,1,1,48,Netherlands
2010-10-15,105.6,1,1,64,Netherlands
2010-10-16,0.0,0,0,0,Netherlands
2010-10-17,0.0,0,0,0,Netherlands
2010-10-18,0.0,0,0,0,Netherlands
2010-10-19,0.0,0,0,0,Netherlands
2010-10-20,0.0,0,0,0,Netherlands
2010-10-21,0.0,0,0,0,Netherlands
2010-10-22,380.52,1,1,248,Netherlands
2010-10-23,0.0,0,0,0,Netherlands
2010-10-24,0.0,0,0,0,Netherlands
2010-10-25,232.03,1,1,137,Netherlands
2010-10-26,157.12,1,1,92,Netherlands
2010-10-27,0.0,0,0,0,Netherlands
2010-10-28,0.0,0,0,0,Netherlands
2010-10-29,0.0,0,0,0,Netherlands
2010-10-30,0.0,0,0,0,Netherlands
2010-10-31,0.0,0,0,0,Netherlands
2010-11-01,0.0,0,0,0,Netherlands
2010-11-02,0.0,0,0,0,Netherlands
2010-11-03,12350.58,4,1,6518,Netherlands
2010-11-04,0.0,0,0,0,Netherlands
2010-11-05,0.0,0,0,0,Netherlands
2010-11-06,0.0,0,0,0,Netherlands
2010-11-07,0.0,0,0,0,Netherlands
2010-11-08,337.44,1,1,384,Netherlands
2010-11-09,0.0,0,0,0,Netherlands
2010-11-10,0.0,0,0,0,Netherlands
2010-11-11,1017.81,1,1,867,Netherlands
2010-11-12,100.80000000000001,1,1,48,Netherlands
2010-11-13,0.0,0,0,0,Netherlands
2010-11-14,0.0,0,0,0,Netherlands
2010-11-15,0.0,0,0,0,Netherlands
2010-11-16,112.96,1,1,112,Netherlands
2010-11-17,8257.82,2,1,5258,Netherlands
2010-11-18,962.79,2,2,669,Netherlands
2010-11-19,0.0,0,0,0,Netherlands
2010-11-20,0.0,0,0,0,Netherlands
2010-11-21,0.0,0,0,0,Netherlands
2010-11-22,368.07,1,1,235,Netherlands
2010-11-23,413.6,1,1,252,Netherlands
2010-11-24,919.62,1,1,946,Netherlands
2010-11-25,0.0,0,0,0,Netherlands
2010-11-26,0.0,0,0,0,Netherlands
2010-11-27,0.0,0,0,0,Netherlands
2010-11-28,0.0,0,0,0,Netherlands
2010-11-29,5551.7,3,1,3206,Netherlands
2010-11-30,4958.15,3,1,3387,Netherlands
2010-12-01,177.60000000000002,1,1,96,Netherlands
2010-12-02,0.0,0,0,0,Netherlands
2010-12-03,0.0,0,0,0,Netherlands
2010-12-04,0.0,0,0,0,Netherlands
2010-12-05,0.0,0,0,0,Netherlands
2010-12-06,0.0,0,0,0,Netherlands
2010-12-07,0.0,0,0,0,Netherlands
2010-12-08,0.0,0,0,0,Netherlands
2010-12-09,0.0,0,0,0,Netherlands
2010-12-10,0.0,0,0,0,Netherlands
2010-12-11,0.0,0,0,0,Netherlands
2010-12-12,0.0,0,0,0,Netherlands
2010-12-13,0.0,0,0,0,Netherlands
2010-12-14,0.0,0,0,0,Netherlands
2010-12-15,0.0,0,0,0,Netherlands
2010-12-16,0.0,0,0,0,Netherlands
2010-12-17,0.0,0,0,0,Netherlands
2010-12-18,0.0,0,0,0,Netherlands
2010-12-19,0.0,0,0,0,Netherlands
2010-12-20,55.96,1,1,45,Netherlands
2010-12-21,8520.92,1,1,6668,Netherlands
2010-12-22,0.0,0,0,0,Netherlands
2010-12-23,0.0,0,0,0,Netherlands
2010-12-24,0.0,0,0,0,Netherlands
2010-12-25,0.0,0,0,0,Netherlands
2010-12-26,0.0,0,0,0,Netherlands
2010-12-27,0.0,0,0,0,Netherlands
2010-12-28,0.0,0,0,0,Netherlands
2010-12-29,0.0,0,0,0,Netherlands
2010-12-30,0.0,0,0,0,Netherlands
2010-12-31,0.0,0,0,0,Netherlands
2011-01-01,0.0,0,0,0,Netherlands
2011-01-02,0.0,0,0,0,Netherlands
2011-01-03,0.0,0,0,0,Netherlands
2011-01-04,0.0,0,0,0,Netherlands
2011-01-05,0.0,0,0,0,Netherlands
2011-01-06,0.0,0,0,0,Netherlands
2011-01-07,0.0,0,0,0,Netherlands
2011-01-08,0.0,0,0,0,Netherlands
2011-01-09,0.0,0,0,0,Netherlands
2011-01-10,0.0,0,0,0,Netherlands
2011-01-11,0.0,0,0,0,Netherlands
2011-01-12,0.0,0,0,0,Netherlands
2011-01-13,0.0,0,0,0,Netherlands
2011-01-14,10122.66,1,1,8066,Netherlands
2011-01-15,0.0,0,0,0,Netherlands
2011-01-16,0.0,0,0,0,Netherlands
2011-01-17,0.0,0,0,0,Netherlands
2011-01-18,0.0,0,0,0,Netherlands
2011-01-19,7722.04,1,1,6072,Netherlands
2011-01-20,305.28000000000003,1,1,288,Netherlands
2011-01-21,8060.3,1,1,5730,Netherlands
2011-01-22,0.0,0,0,0,Netherlands
2011-01-23,0.0,0,0,0,Netherlands
2011-01-24,0.0,0,0,0,Netherlands
2011-01-25,0.0,0,0,0,Netherlands
2011-01-26,0.0,0,0,0,Netherlands
2011-01-27,0.0,0,0,0,Netherlands
2011-01-28,0.0,0,0,0,Netherlands
2011-01-29,0.0,0,0,0,Netherlands
2011-01-30,0.0,0,0,0,Netherlands
2011-01-31,119.47999999999999,1,1,116,Netherlands
2011-02-01,149.65,1,1,87,Netherlands
2011-02-02,0.0,0,0,0,Netherlands
2011-02-03,0.0,0,0,0,Netherlands
2011-02-04,0.0,0,0,0,Netherlands
2011-02-05,0.0,0,0,0,Netherlands
2011-02-06,0.0,0,0,0,Netherlands
2011-02-07,0.0,0,0,0,Netherlands
2011-02-08,1156.28,1,1,1116,Netherlands
2011-02-09,0.0,0,0,0,Netherlands
2011-02-10,0.0,0,0,0,Netherlands
2011-02-11,0.0,0,0,0,Netherlands
2011-02-12,0.0,0,0,0,Netherlands
2011-02-13,0.0,0,0,0,Netherlands
2011-02-14,0.0,0,0,0,Netherlands
2011-02-15,0.0,0,0,0,Netherlands
2011-02-16,0.0,0,0,0,Netherlands
2011-02-17,0.0,0,0,0,Netherlands
2011-02-18,0.0,0,0,0,Netherlands
2011-02-19,0.0,0,0,0,Netherlands
2011-02-20,0.0,0,0,0,Netherlands
2011-02-21,18279.48,2,1,12208,Netherlands
2011-02-22,3211.7,1,1,2940,Netherlands
2011-02-23,0.0,0,0,0,Netherlands
2011-02-24,0.0,0,0,0,Netherlands
2011-02-25,0.0,0,0,0,Netherlands
2011-02-26,0.0,0,0,0,Netherlands
2011-02-27,0.0,0,0,0,Netherlands
2011-02-28,0.0,0,0,0,Netherlands
2011-03-01,0.0,0,0,0,Netherlands
2011-03-02,0.0,0,0,0,Netherlands
2011-03-03,0.0,0,0,0,Netherlands
2011-03-04,0.0,0,0,0,Netherlands
2011-03-05,0.0,0,0,0,Netherlands
2011-03-06,0.0,0,0,0,Netherlands
2011-03-07,0.0,0,0,0,Netherlands
2011-03-08,0.0,0,0,0,Netherlands
2011-03-09,414.8,1,1,275,Netherlands
2011-03-10,0.0,0,0,0,Netherlands
2011-03-11,0.0,0,0,0,Netherlands
2011-03-12,0.0,0,0,0,Netherlands
2011-03-13,0.0,0,0,0,Netherlands
2011-03-14,102.92999999999999,1,1,151,Netherlands
2011-03-15,0.0,0,0,0,Netherlands
2011-03-16,0.0,0,0,0,Netherlands
2011-03-17,0.0,0,0,0,Netherlands
2011-03-18,0.0,0,0,0,Netherlands
2011-03-19,0.0,0,0,0,Netherlands
2011-03-20,0.0,0,0,0,Netherlands
2011-03-21,0.0,0,0,0,Netherlands
2011-03-22,220.71,1,1,169,Netherlands
2011-03-23,0.0,0,0,0,Netherlands
2011-03-24,0.0,0,0,0,Netherlands
2011-03-25,1413.51,2,2,825,Netherlands
2011-03-26,0.0,0,0,0,Netherlands
2011-03-27,0.0,0,0,0,Netherlands
2011-03-28,0.0,0,0,0,Netherlands
2011-03-29,18247.5,2,1,12186,Netherlands
2011-03-30,1807.04,1,1,1208,Netherlands
2011-03-31,0.0,0,0,0,Netherlands
2011-04-01,0.0,0,0,0,Netherlands
2011-04-02,0.0,0,0,0,Netherlands
2011-04-03,0.0,0,0,0,Netherlands
2011-04-04,0.0,0,0,0,Netherlands
2011-04-05,2284.2,2,1,1336,Netherlands
2011-04-06,0.0,0,0,0,Netherlands
2011-04-07,0.0,0,0,0,Netherlands
2011-04-08,0.0,0,0,0,Netherlands
2011-04-09,0.0,0,0,0,Netherlands
2011-04-10,0.0,0,0,0,Netherlands
2011-04-11,0.0,0,0,0,Netherlands
2011-04-12,0.0,0,0,0,Netherlands
2011-04-13,0.0,0,0,0,Netherlands
2011-04-14,0.0,0,0,0,Netherlands
2011-04-15,0.0,0,0,0,Netherlands
2011-04-16,0.0,0,0,0,Netherlands
2011-04-17,0.0,0,0,0,Netherlands
2011-04-18,0.0,0,0,0,Netherlands
2011-04-19,0.0,0,0,0,Netherlands
2011-04-20,0.0,0,0,0,Netherlands
2011-04-21,0.0,0,0,0,Netherlands
2011-04-22,0.0,0,0,0,Netherlands
2011-04-23,0.0,0,0,0,Netherlands
2011-04-24,0.0,0,0,0,Netherlands
2011-04-25,0.0,0,0,0,Netherlands
2011-04-26,0.0,0,0,0,Netherlands
2011-04-27,0.0,0,0,0,Netherlands
2011-04-28,602.36,1,1,426,Netherlands
2011-04-29,0.0,0,0,0,Netherlands
2011-04-30,0.0,0,0,0,Netherlands
2011-05-01,0.0,0,0,0,Netherlands
2011-05-02,0.0,0,0,0,Netherlands
2011-05-03,0.0,0,0,0,Netherlands
2011-05-04,0.0,0,0,0,Netherlands
2011-05-05,0.0,0,0,0,Netherlands
2011-05-06,0.0,0,0,0,Netherlands
2011-05-07,0.0,0,0,0,Netherlands
2011-05-08,0.0,0,0,0,Netherlands
2011-05-09,0.0,0,0,0,Netherlands
2011-05-10,0.0,0,0,0,Netherlands
2011-05-11,716.4,2,1,272,Netherlands
2011-05-12,16478.46,3,1,13262,Netherlands
2011-05-13,0.0,0,0,0,Netherlands
2011-05-14,0.0,0,0,0,Netherlands
2011-05-15,0.0,0,0,0,Netherlands
2011-05-16,0.0,0,0,0,Netherlands
2011-05-17,0.0,0,0,0,Netherlands
2011-05-18,672.4,1,1,408,Netherlands
2011-05-19,0.0,0,0,0,Netherlands
2011-05-20,264.72,1,1,126,Netherlands
2011-05-21,0.0,0,0,0,Netherlands
2011-05-22,0.0,0,0,0,Netherlands
2011-05-23,0.0,0,0,0,Netherlands
2011-05-24,0.0,0,0,0,Netherlands
2011-05-25,1392.0,1,1,960,Netherlands
2011-05-26,8980.88,1,1,4664,Netherlands
2011-05-27,0.0,0,0,0,Netherlands
2011-05-28,0.0,0,0,0,Netherlands
2011-05-29,0.0,0,0,0,Netherlands
2011-05-30,0.0,0,0,0,Netherlands
2011-05-31,438.02000000000004,2,2,228,Netherlands
2011-06-01,5422.8,2,1,2874,Netherlands
2011-06-02,0.0,0,0,0,Netherlands
2011-06-03,404.8,1,1,328,Netherlands
2011-06-04,0.0,0,0,0,Netherlands
2011-06-05,0.0,0,0,0,Netherlands
2011-06-06,382.58,1,1,300,Netherlands
2011-06-07,0.0,0,0,0,Netherlands
2011-06-08,0.0,0,0,0,Netherlands
2011-06-09,69.0,1,1,84,Netherlands
2011-06-10,0.0,0,0,0,Netherlands
2011-06-11,0.0,0,0,0,Netherlands
2011-06-12,0.0,0,0,0,Netherlands
2011-06-13,0.0,0,0,0,Netherlands
2011-06-14,0.0,0,0,0,Netherlands
2011-06-15,0.0,0,0,0,Netherlands
2011-06-16,0.0,0,0,0,Netherlands
2011-06-17,0.0,0,0,0,Netherlands
2011-06-18,0.0,0,0,0,Netherlands
2011-06-19,5683.0599999999995,1,1,4718,Netherlands
2011-06-20,154.67000000000002,1,1,61,Netherlands
2011-06-21,592.72,1,1,350,Netherlands
2011-06-22,0.0,0,0,0,Netherlands
2011-06-23,0.0,0,0,0,Netherlands
2011-06-24,0.0,0,0,0,Netherlands
2011-06-25,0.0,0,0,0,Netherlands
2011-06-26,0.0,0,0,0,Netherlands
2011-06-27,0.0,0,0,0,Netherlands
2011-06-28,14028.46,3,1,11010,Netherlands
2011-06-29,0.0,0,0,0,Netherlands
2011-06-30,0.0,0,0,0,Netherlands
2011-07-01,0.0,0,0,0,Netherlands
2011-07-02,0.0,0,0,0,Netherlands
2011-07-03,0.0,0,0,0,Netherlands
2011-07-04,0.0,0,0,0,Netherlands
2011-07-05,0.0,0,0,0,Netherlands
2011-07-06,0.0,0,0,0,Netherlands
2011-07-07,0.0,0,0,0,Netherlands
2011-07-08,0.0,0,0,0,Netherlands
2011-07-09,0.0,0,0,0,Netherlands
2011-07-10,0.0,0,0,0,Netherlands
2011-07-11,0.0,0,0,0,Netherlands
2011-07-12,0.0,0,0,0,Netherlands
2011-07-13,0.0,0,0,0,Netherlands
2011-07-14,0.0,0,0,0,Netherlands
2011-07-15,0.0,0,0,0,Netherlands
2011-07-16,0.0,0,0,0,Netherlands
2011-07-17,0.0,0,0,0,Netherlands
2011-07-18,0.0,0,0,0,Netherlands
2011-07-19,0.0,0,0,0,Netherlands
2011-07-20,11.02,1,1,9,Netherlands
2011-07-21,0.0,0,0,0,Netherlands
2011-07-22,0.0,0,0,0,Netherlands
2011-07-23,0.0,0,0,0,Netherlands
2011-07-24,0.0,0,0,0,Netherlands
2011-07-25,0.0,0,0,0,Netherlands
2011-07-26,0.0,0,0,0,Netherlands
2011-07-27,0.0,0,0,0,Netherlands
2011-07-28,0.0,0,0,0,Netherlands
2011-07-29,0.0,0,0,0,Netherlands
2011-07-30,0.0,0,0,0,Netherlands
2011-07-31,0.0,0,0,0,Netherlands
2011-08-01,0.0,0,0,0,Netherlands
2011-08-02,0.0,0,0,0,Netherlands
2011-08-03,0.0,0,0,0,Netherlands
2011-08-04,0.0,0,0,0,Netherlands
2011-08-05,0.0,0,0,0,Netherlands
2011-08-06,0.0,0,0,0,Netherlands
2011-08-07,0.0,0,0,0,Netherlands
2011-08-08,0.0,0,0,0,Netherlands
2011-08-09,12498.71,2,1,8182,Netherlands
2011-08-10,0.0,0,0,0,Netherlands
2011-08-11,19150.66,1,1,14730,Netherlands
2011-08-12,825.6,1,1,992,Netherlands
2011-08-13,0.0,0,0,0,Netherlands
2011-08-14,0.0,0,0,0,Netherlands
2011-08-15,0.0,0,0,0,Netherlands
2011-08-16,0.0,0,0,0,Netherlands
2011-08-17,0.0,0,0,0,Netherlands
2011-08-18,0.0,0,0,0,Netherlands
2011-08-19,0.0,0,0,0,Netherlands
2011-08-20,0.0,0,0,0,Netherlands
2011-08-21,0.0,0,0,0,Netherlands
2011-08-22,0.0,0,0,0,Netherlands
2011-08-23,424.8,1,1,288,Netherlands
2011-08-24,0.0,0,0,0,Netherlands
2011-08-25,0.0,0,0,0,Netherlands
2011-08-26,7428.04,2,1,5108,Netherlands
2011-08-27,0.0,0,0,0,Netherlands
2011-08-28,0.0,0,0,0,Netherlands
2011-08-29,0.0,0,0,0,Netherlands
2011-08-30,0.0,0,0,0,Netherlands
2011-08-31,0.0,0,0,0,Netherlands
2011-09-01,0.0,0,0,0,Netherlands
2011-09-02,0.0,0,0,0,Netherlands
2011-09-03,0.0,0,0,0,Netherlands
2011-09-04,0.0,0,0,0,Netherlands
2011-09-05,0.0,0,0,0,Netherlands
2011-09-06,0.0,0,0,0,Netherlands
2011-09-07,0.0,0,0,0,Netherlands
2011-09-08,1946.68,2,1,1013,Netherlands
2011-09-09,171.56,1,1,144,Netherlands
2011-09-10,0.0,0,0,0,Netherlands
2011-09-11,0.0,0,0,0,Netherlands
2011-09-12,0.0,0,0,0,Netherlands
2011-09-13,8281.12,1,1,4951,Netherlands
2011-09-14,0.0,0,0,0,Netherlands
2011-09-15,0.0,0,0,0,Netherlands
2011-09-16,0.0,0,0,0,Netherlands
2011-09-17,0.0,0,0,0,Netherlands
2011-09-18,0.0,0,0,0,Netherlands
2011-09-19,15618.28,2,1,10649,Netherlands
2011-09-20,0.0,0,0,0,Netherlands
2011-09-21,0.0,0,0,0,Netherlands
2011-09-22,814.62,1,1,545,Netherlands
2011-09-23,0.0,0,0,0,Netherlands
2011-09-24,0.0,0,0,0,Netherlands
2011-09-25,0.0,0,0,0,Netherlands
2011-09-26,0.0,0,0,0,Netherlands
2011-09-27,0.0,0,0,0,Netherlands
2011-09-28,0.0,0,0,0,Netherlands
2011-09-29,0.0,0,0,0,Netherlands
2011-09-30,0.0,0,0,0,Netherlands
2011-10-01,0.0,0,0,0,Netherlands
2011-10-02,0.0,0,0,0,Netherlands
2011-10-03,0.0,0,0,0,Netherlands
2011-10-04,0.0,0,0,0,Netherlands
2011-10-05,76.85,1,1,3,Netherlands
2011-10-06,691.55,2,1,347,Netherlands
2011-10-07,156.93,1,1,211,Netherlands
2011-10-08,0.0,0,0,0,Netherlands
2011-10-09,0.0,0,0,0,Netherlands
2011-10-10,0.0,0,0,0,Netherlands
2011-10-11,0.0,0,0,0,Netherlands
2011-10-12,0.0,0,0,0,Netherlands
2011-10-13,0.0,0,0,0,Netherlands
2011-10-14,0.0,0,0,0,Netherlands
2011-10-15,0.0,0,0,0,Netherlands
2011-10-16,0.0,0,0,0,Netherlands
2011-10-17,0.0,0,0,0,Netherlands
2011-10-18,403.92,1,1,269,Netherlands
2011-10-19,0.0,0,0,0,Netherlands
2011-10-20,25833.56,3,1,18140,Netherlands
2011-10-21,3220.62,3,1,2469,Netherlands
2011-10-22,0.0,0,0,0,Netherlands
2011-10-23,0.0,0,0,0,Netherlands
2011-10-24,0.0,0,0,0,Netherlands
2011-10-25,0.0,0,0,0,Netherlands
2011-10-26,0.0,0,0,0,Netherlands
2011-10-27,9995.220000000001,3,1,5769,Netherlands
2011-10-28,0.0,0,0,0,Netherlands
2011-10-29,0.0,0,0,0,Netherlands
2011-10-30,0.0,0,0,0,Netherlands
2011-10-31,0.0,0,0,0,Netherlands
2011-11-01,0.0,0,0,0,Netherlands
2011-11-02,4486.91,3,1,2732,Netherlands
2011-11-03,0.0,0,0,0,Netherlands
2011-11-04,0.0,0,0,0,Netherlands
2011-11-05,0.0,0,0,0,Netherlands
2011-11-06,0.0,0,0,0,Netherlands
2011-11-07,0.0,0,0,0,Netherlands
2011-11-08,0.0,0,0,0,Netherlands
2011-11-09,0.0,0,0,0,Netherlands
2011-11-10,9793.12,3,1,7784,Netherlands
2011-11-11,0.0,0,0,0,Netherlands
2011-11-12,0.0,0,0,0,Netherlands
2011-11-13,0.0,0,0,0,Netherlands
2011-11-14,0.0,0,0,0,Netherlands
2011-11-15,0.0,0,0,0,Netherlands
2011-11-16,217.5,1,1,146,Netherlands
2011-11-17,0.0,0,0,0,Netherlands
2011-11-18,136.0,1,1,32,Netherlands
2011-11-19,0.0,0,0,0,Netherlands
2011-11-20,104.24,1,1,152,Netherlands
2011-11-21,0.0,0,0,0,Netherlands
2011-11-22,719.6,2,2,508,Netherlands
2011-11-23,10078.64,3,1,7244,Netherlands
2011-11-24,0.0,0,0,0,Netherlands
2011-11-25,0.0,0,0,0,Netherlands
2011-11-26,0.0,0,0,0,Netherlands
2011-11-27,0.0,0,0,0,Netherlands
2011-11-28,0.0,0,0,0,Netherlands
2011-11-29,0.0,0,0,0,Netherlands
2011-11-30,104.0,1,1,50,Netherlands
2011-12-01,0.0,0,0,0,Netherlands
2011-12-02,0.0,0,0,0,Netherlands
2011-12-03,0.0,0,0,0,Netherlands
2011-12-04,0.0,0,0,0,Netherlands
2011-12-05,0.0,0,0,0,Netherlands
2011-12-06,0.0,0,0,0,Netherlands
2011-12-07,11477.42,2,1,7818,Netherlands
2011-12-08,250.6,1,1,140,Netherlands
2011-12-09,0.0,0,0,0,Netherlands
2009-12-01,693.07,1,1,383,Germany
2009-12-02,0.0,0,0,0,Germany
2009-12-03,0.0,0,0,0,Germany
2009-12-04,0.0,0,0,0,Germany
2009-12-05,0.0,0,0,0,Germany
2009-12-06,247.15,1,1,165,Germany
2009-12-07,1299.92,3,2,563,Germany
2009-12-08,0.0,0,0,0,Germany
2009-12-09,1442.13,2,2,529,Germany
2009-12-10,0.0,0,0,0,Germany
2009-12-11,0.0,0,0,0,Germany
2009-12-12,0.0,0,0,0,Germany
2009-12-13,129.99,1,1,33,Germany
2009-12-14,3502.56,4,3,2270,Germany
2009-12-15,0.0,0,0,0,Germany
2009-12-16,0.0,0,0,0,Germany
2009-12-17,0.0,0,0,0,Germany
2009-12-18,200.97,3,2,93,Germany
2009-12-19,0.0,0,0,0,Germany
2009-12-20,294.6,1,1,132,Germany
2009-12-21,711.4300000000001,1,1,385,Germany
2009-12-22,0.0,0,0,0,Germany
2009-12-23,0.0,0,0,0,Germany
2009-12-24,0.0,0,0,0,Germany
2009-12-25,0.0,0,0,0,Germany
2009-12-26,0.0,0,0,0,Germany
2009-12-27,0.0,0,0,0,Germany
2009-12-28,0.0,0,0,0,Germany
2009-12-29,0.0,0,0,0,Germany
2009-12-30,0.0,0,0,0,Germany
2009-12-31,0.0,0,0,0,Germany
2010-01-01,0.0,0,0,0,Germany
2010-01-02,0.0,0,0,0,Germany
2010-01-03,0.0,0,0,0,Germany
2010-01-04,0.0,0,0,0,Germany
2010-01-05,0.0,0,0,0,Germany
2010-01-06,0.0,0,0,0,Germany
2010-01-07,204.75,1,1,103,Germany
2010-01-08,0.0,0,0,0,Germany
2010-01-09,0.0,0,0,0,Germany
2010-01-10,0.0,0,0,0,Germany
2010-01-11,435.33,2,1,191,Germany
2010-01-12,2046.56,3,3,1094,Germany
2010-01-13,1076.21,1,1,467,Germany
2010-01-14,654.9300000000001,1,1,323,Germany
2010-01-15,79.19999999999999,1,1,48,Germany
2010-01-16,0.0,0,0,0,Germany
2010-01-17,0.0,0,0,0,Germany
2010-01-18,0.0,0,0,0,Germany
2010-01-19,0.0,0,0,0,Germany
2010-01-20,0.0,0,0,0,Germany
2010-01-21,0.0,0,0,0,Germany
2010-01-22,1918.78,2,2,1253,Germany
2010-01-23,0.0,0,0,0,Germany
2010-01-24,472.58,1,1,322,Germany
2010-01-25,0.0,0,0,0,Germany
2010-01-26,2714.79,4,3,1608,Germany
2010-01-27,0.0,0,0,0,Germany
2010-01-28,0.0,0,0,0,Germany
2010-01-29,0.0,0,0,0,Germany
2010-01-30,0.0,0,0,0,Germany
2010-01-31,1501.94,1,1,777,Germany
2010-02-01,716.2,2,2,400,Germany
2010-02-02,0.0,0,0,0,Germany
2010-02-03,20.4,1,1,24,Germany
2010-02-04,311.43,1,1,203,Germany
2010-02-05,296.93,2,2,191,Germany
2010-02-06,0.0,0,0,0,Germany
2010-02-07,133.65,1,1,33,Germany
2010-02-08,1281.83,3,3,703,Germany
2010-02-09,1747.11,5,5,1000,Germany
2010-02-10,229.98000000000002,1,1,135,Germany
2010-02-11,140.7,1,1,162,Germany
2010-02-12,684.86,1,1,791,Germany
2010-02-13,0.0,0,0,0,Germany
2010-02-14,0.0,0,0,0,Germany
2010-02-15,674.58,1,1,320,Germany
2010-02-16,0.0,0,0,0,Germany
2010-02-17,0.0,0,0,0,Germany
2010-02-18,209.07000000000002,1,1,101,Germany
2010-02-19,0.0,0,0,0,Germany
2010-02-20,0.0,0,0,0,Germany
2010-02-21,0.0,0,0,0,Germany
2010-02-22,0.0,0,0,0,Germany
2010-02-23,262.55,1,1,144,Germany
2010-02-24,0.0,0,0,0,Germany
2010-02-25,421.61,2,2,157,Germany
2010-02-26,0.0,0,0,0,Germany
2010-02-27,0.0,0,0,0,Germany
2010-02-28,697.4,2,2,316,Germany
2010-03-01,0.0,0,0,0,Germany
2010-03-02,308.1,1,1,114,Germany
2010-03-03,419.09,1,1,218,Germany
2010-03-04,0.0,0,0,0,Germany
2010-03-05,1406.1100000000001,3,3,1024,Germany
2010-03-06,0.0,0,0,0,Germany
2010-03-07,2287.84,2,2,1336,Germany
2010-03-08,925.8199999999999,2,2,544,Germany
2010-03-09,88.05,1,1,64,Germany
2010-03-10,313.55,2,1,169,Germany
2010-03-11,0.0,0,0,0,Germany
2010-03-12,0.0,0,0,0,Germany
2010-03-13,0.0,0,0,0,Germany
2010-03-14,0.0,0,0,0,Germany
2010-03-15,20.0,1,1,16,Germany
2010-03-16,672.37,3,3,438,Germany
2010-03-17,2917.7599999999998,1,1,1396,Germany
2010-03-18,1429.06,2,2,786,Germany
2010-03-19,0.0,0,0,0,Germany
2010-03-20,0.0,0,0,0,Germany
2010-03-21,0.0,0,0,0,Germany
2010-03-22,644.57,2,2,372,Germany
2010-03-23,0.0,0,0,0,Germany
2010-03-24,858.48,1,1,976,Germany
2010-03-25,837.8,3,2,428,Germany
2010-03-26,1962.53,2,2,823,Germany
2010-03-27,0.0,0,0,0,Germany
2010-03-28,0.0,0,0,0,Germany
2010-03-29,0.0,0,0,0,Germany
2010-03-30,0.0,0,0,0,Germany
2010-03-31,0.0,0,0,0,Germany
2010-04-01,2160.96,5,5,1359,Germany
2010-04-02,0.0,0,0,0,Germany
2010-04-03,0.0,0,0,0,Germany
2010-04-04,0.0,0,0,0,Germany
2010-04-05,0.0,0,0,0,Germany
2010-04-06,0.0,0,0,0,Germany
2010-04-07,735.75,1,1,459,Germany
2010-04-08,266.82,2,1,177,Germany
2010-04-09,1974.93,2,2,1199,Germany
2010-04-10,0.0,0,0,0,Germany
2010-04-11,3311.65,2,2,2283,Germany
2010-04-12,2622.48,1,1,1459,Germany
2010-04-13,0.0,0,0,0,Germany
2010-04-14,699.39,2,1,453,Germany
2010-04-15,248.59,1,1,213,Germany
2010-04-16,296.66,1,1,158,Germany
2010-04-17,0.0,0,0,0,Germany
2010-04-18,0.0,0,0,0,Germany
2010-04-19,509.46000000000004,1,1,502,Germany
2010-04-20,815.92,2,2,354,Germany
2010-04-21,4121.74,2,2,1834,Germany
2010-04-22,996.09,2,2,639,Germany
2010-04-23,0.0,0,0,0,Germany
2010-04-24,0.0,0,0,0,Germany
2010-04-25,542.5,1,1,320,Germany
2010-04-26,1549.1399999999999,3,3,733,Germany
2010-04-27,0.0,0,0,0,Germany
2010-04-28,285.75,1,1,108,Germany
2010-04-29,0.0,0,0,0,Germany
2010-04-30,323.35,1,1,147,Germany
2010-05-01,0.0,0,0,0,Germany
2010-05-02,195.85000000000002,1,1,87,Germany
2010-05-03,0.0,0,0,0,Germany
2010-05-04,0.0,0,0,0,Germany
2010-05-05,360.29999999999995,1,1,226,Germany
2010-05-06,2100.49,2,2,884,Germany
2010-05-07,0.0,0,0,0,Germany
2010-05-08,0.0,0,0,0,Germany
2010-05-09,0.0,0,0,0,Germany
2010-05-10,0.0,0,0,0,Germany
2010-05-11,223.74,1,1,46,Germany
2010-05-12,583.1999999999999,1,1,328,Germany
2010-05-13,575.42,1,1,300,Germany
2010-05-14,0.0,0,0,0,Germany
2010-05-15,0.0,0,0,0,Germany
2010-05-16,0.0,0,0,0,Germany
2010-05-17,559.58,1,1,326,Germany
2010-05-18,223.4,1,1,110,Germany
2010-05-19,0.0,0,0,0,Germany
2010-05-20,234.85,1,1,191,Germany
2010-05-21,1647.4,2,2,649,Germany
2010-05-22,0.0,0,0,0,Germany
2010-05-23,259.85,1,1,135,Germany
2010-05-24,320.52,1,1,372,Germany
2010-05-25,0.0,0,0,0,Germany
2010-05-26,0.0,0,0,0,Germany
2010-05-27,269.2,1,1,80,Germany
2010-05-28,497.86,2,2,440,Germany
2010-05-29,0.0,0,0,0,Germany
2010-05-30,0.0,0,0,0,Germany
2010-05-31,0.0,0,0,0,Germany
2010-06-01,265.5,1,1,114,Germany
2010-06-02,0.0,0,0,0,Germany
2010-06-03,0.0,0,0,0,Germany
2010-06-04,584.6,1,1,433,Germany
2010-06-05,0.0,0,0,0,Germany
2010-06-06,1081.33,1,1,703,Germany
2010-06-07,1765.28,4,2,1283,Germany
2010-06-08,1488.35,3,1,749,Germany
2010-06-09,0.0,0,0,0,Germany
2010-06-10,247.78,1,1,144,Germany
2010-06-11,0.0,0,0,0,Germany
2010-06-12,0.0,0,0,0,Germany
2010-06-13,422.88,2,2,250,Germany
2010-06-14,0.0,0,0,0,Germany
2010-06-15,2650.08,2,2,1518,Germany
2010-06-16,733.17,1,1,763,Germany
2010-06-17,0.0,0,0,0,Germany
2010-06-18,0.0,0,0,0,Germany
2010-06-19,0.0,0,0,0,Germany
2010-06-20,733.74,1,1,426,Germany
2010-06-21,0.0,0,0,0,Germany
2010-06-22,0.0,0,0,0,Germany
2010-06-23,0.0,0,0,0,Germany
2010-06-24,1525.07,1,1,1235,Germany
2010-06-25,0.0,0,0,0,Germany
2010-06-26,0.0,0,0,0,Germany
2010-06-27,0.0,0,0,0,Germany
2010-06-28,463.08,2,2,416,Germany
2010-06-29,864.9,3,2,412,Germany
2010-06-30,1390.57,3,3,775,Germany
2010-07-01,896.96,2,2,622,Germany
2010-07-02,4458.57,2,2,2263,Germany
2010-07-03,0.0,0,0,0,Germany
2010-07-04,0.0,0,0,0,Germany
2010-07-05,579.2,2,2,240,Germany
2010-07-06,703.25,1,1,227,Germany
2010-07-07,364.36,1,1,293,Germany
2010-07-08,1529.64,3,2,1628,Germany
2010-07-09,666.9,1,1,870,Germany
2010-07-10,0.0,0,0,0,Germany
2010-07-11,0.0,0,0,0,Germany
2010-07-12,610.58,1,1,347,Germany
2010-07-13,0.0,0,0,0,Germany
2010-07-14,0.0,0,0,0,Germany
2010-07-15,0.0,0,0,0,Germany
2010-07-16,2903.71,1,1,2567,Germany
2010-07-17,0.0,0,0,0,Germany
2010-07-18,1385.37,1,1,1166,Germany
2010-07-19,124.8,1,1,96,Germany
2010-07-20,383.05,1,1,265,Germany
2010-07-21,1063.61,2,2,885,Germany
2010-07-22,0.0,0,0,0,Germany
2010-07-23,793.97,2,2,518,Germany
2010-07-24,0.0,0,0,0,Germany
2010-07-25,0.0,0,0,0,Germany
2010-07-26,1222.5900000000001,2,2,800,Germany
2010-07-27,0.0,0,0,0,Germany
2010-07-28,0.0,0,0,0,Germany
2010-07-29,405.81,1,1,202,Germany
2010-07-30,0.0,0,0,0,Germany
2010-07-31,0.0,0,0,0,Germany
2010-08-01,0.0,0,0,0,Germany
2010-08-02,300.43,2,2,131,Germany
2010-08-03,642.61,1,1,375,Germany
2010-08-04,1018.8,1,1,528,Germany
2010-08-05,487.2,1,1,184,Germany
2010-08-06,910.05,2,2,465,Germany
2010-08-07,0.0,0,0,0,Germany
2010-08-08,0.0,0,0,0,Germany
2010-08-09,0.0,0,0,0,Germany
2010-08-10,0.0,0,0,0,Germany
2010-08-11,407.67,2,2,167,Germany
2010-08-12,0.0,0,0,0,Germany
2010-08-13,0.0,0,0,0,Germany
2010-08-14,0.0,0,0,0,Germany
2010-08-15,0.0,0,0,0,Germany
2010-08-16,473.2,1,1,444,Germany
2010-08-17,473.95,1,1,481,Germany
2010-08-18,539.53,1,1,299,Germany
2010-08-19,545.25,1,1,265,Germany
2010-08-20,320.0,1,1,204,Germany
2010-08-21,0.0,0,0,0,Germany
2010-08-22,418.8,2,1,276,Germany
2010-08-23,0.0,0,0,0,Germany
2010-08-24,812.8,1,1,541,Germany
2010-08-25,545.88,2,2,307,Germany
2010-08-26,628.8,1,1,274,Germany
2010-08-27,0.0,0,0,0,Germany
2010-08-28,0.0,0,0,0,Germany
2010-08-29,0.0,0,0,0,Germany
2010-08-30,0.0,0,0,0,Germany
2010-08-31,306.8,1,1,238,Germany
2010-09-01,885.92,2,2,586,Germany
2010-09-02,85.0,1,1,100,Germany
2010-09-03,0.0,0,0,0,Germany
2010-09-04,0.0,0,0,0,Germany
2010-09-05,547.14,1,1,347,Germany
2010-09-06,414.0,1,1,192,Germany
2010-09-07,220.98999999999998,1,1,148,Germany
2010-09-08,530.48,2,1,236,Germany
2010-09-09,1126.65,3,3,786,Germany
2010-09-10,601.27,1,1,379,Germany
2010-09-11,0.0,0,0,0,Germany
2010-09-12,0.0,0,0,0,Germany
2010-09-13,552.77,2,2,703,Germany
2010-09-14,1258.14,2,2,440,Germany
2010-09-15,3529.93,2,2,1818,Germany
2010-09-16,159.8,1,1,28,Germany
2010-09-17,343.82,1,1,214,Germany
2010-09-18,0.0,0,0,0,Germany
2010-09-19,0.0,0,0,0,Germany
2010-09-20,1012.86,2,1,544,Germany
2010-09-21,458.43,1,1,289,Germany
2010-09-22,0.0,0,0,0,Germany
2010-09-23,0.0,0,0,0,Germany
2010-09-24,0.0,0,0,0,Germany
2010-09-25,0.0,0,0,0,Germany
2010-09-26,0.0,0,0,0,Germany
2010-09-27,1278.78,3,1,698,Germany
2010-09-28,1153.78,2,2,466,Germany
2010-09-29,0.0,0,0,0,Germany
2010-09-30,1873.74,3,3,1109,Germany
2010-10-01,431.95,2,2,180,Germany
2010-10-02,0.0,0,0,0,Germany
2010-10-03,221.01000000000002,1,1,63,Germany
2010-10-04,1647.06,3,2,988,Germany
2010-10-05,1165.55,2,2,901,Germany
2010-10-06,1685.15,1,1,783,Germany
2010-10-07,300.37,1,1,207,Germany
2010-10-08,904.15,1,1,449,Germany
2010-10-09,0.0,0,0,0,Germany
2010-10-10,0.0,0,0,0,Germany
2010-10-11,0.0,0,0,0,Germany
2010-10-12,1455.4,3,3,1257,Germany
2010-10-13,1057.8,1,1,200,Germany
2010-10-14,0.0,0,0,0,Germany
2010-10-15,1133.21,2,2,391,Germany
2010-10-16,0.0,0,0,0,Germany
2010-10-17,0.0,0,0,0,Germany
2010-10-18,774.51,3,3,667,Germany
2010-10-19,1771.39,3,2,1010,Germany
2010-10-20,378.68,1,1,248,Germany
2010-10-21,0.0,0,0,0,Germany
2010-10-22,1033.76,1,1,836,Germany
2010-10-23,0.0,0,0,0,Germany
2010-10-24,605.96,1,1,485,Germany
2010-10-25,609.88,1,1,362,Germany
2010-10-26,1546.16,3,3,860,Germany
2010-10-27,0.0,0,0,0,Germany
2010-10-28,0.0,0,0,0,Germany
2010-10-29,2014.19,2,2,1586,Germany
2010-10-30,0.0,0,0,0,Germany
2010-10-31,447.34999999999997,2,2,213,Germany
2010-11-01,380.0,1,1,248,Germany
2010-11-02,1521.97,1,1,641,Germany
2010-11-03,565.5,1,1,346,Germany
2010-11-04,3993.6400000000003,1,1,3556,Germany
2010-11-05,3988.18,4,4,1872,Germany
2010-11-06,0.0,0,0,0,Germany
2010-11-07,951.82,1,1,583,Germany
2010-11-08,1278.39,2,2,842,Germany
2010-11-09,0.0,0,0,0,Germany
2010-11-10,335.5,1,1,156,Germany
2010-11-11,0.0,0,0,0,Germany
2010-11-12,1664.55,4,4,869,Germany
2010-11-13,0.0,0,0,0,Germany
2010-11-14,0.0,0,0,0,Germany
2010-11-15,1520.3,2,1,704,Germany
2010-11-16,1090.04,2,2,513,Germany
2010-11-17,0.0,0,0,0,Germany
2010-11-18,1634.6200000000001,3,2,548,Germany
2010-11-19,395.40000000000003,1,1,160,Germany
2010-11-20,0.0,0,0,0,Germany
2010-11-21,756.15,2,1,392,Germany
2010-11-22,976.64,2,2,616,Germany
2010-11-23,182.19,1,1,113,Germany
2010-11-24,0.0,0,0,0,Germany
2010-11-25,0.0,0,0,0,Germany
2010-11-26,1375.26,2,2,625,Germany
2010-11-27,0.0,0,0,0,Germany
2010-11-28,2473.11,3,3,1339,Germany
2010-11-29,142.8,1,1,24,Germany
2010-11-30,2285.25,4,2,1357,Germany
2010-12-01,243.48,1,1,156,Germany
2010-12-02,137.35,1,1,147,Germany
2010-12-03,431.53000000000003,3,3,161,Germany
2010-12-04,0.0,0,0,0,Germany
2010-12-05,2190.74,4,3,1342,Germany
2010-12-06,178.44,1,1,88,Germany
2010-12-07,506.8,1,1,150,Germany
2010-12-08,396.70000000000005,1,1,132,Germany
2010-12-09,829.09,3,3,391,Germany
2010-12-10,1947.01,1,1,1063,Germany
2010-12-11,0.0,0,0,0,Germany
2010-12-12,0.0,0,0,0,Germany
2010-12-13,0.0,0,0,0,Germany
2010-12-14,0.0,0,0,0,Germany
2010-12-15,0.0,0,0,0,Germany
2010-12-16,0.0,0,0,0,Germany
2010-12-17,4109.78,8,7,1602,Germany
2010-12-18,0.0,0,0,0,Germany
2010-12-19,397.87,1,1,333,Germany
2010-12-20,523.96,1,1,228,Germany
2010-12-21,0.0,0,0,0,Germany
2010-12-22,0.0,0,0,0,Germany
2010-12-23,1265.55,2,2,928,Germany
2010-12-24,0.0,0,0,0,Germany
2010-12-25,0.0,0,0,0,Germany
2010-12-26,0.0,0,0,0,Germany
2010-12-27,0.0,0,0,0,Germany
2010-12-28,0.0,0,0,0,Germany
2010-12-29,0.0,0,0,0,Germany
2010-12-30,0.0,0,0,0,Germany
2010-12-31,0.0,0,0,0,Germany
2011-01-01,0.0,0,0,0,Germany
2011-01-02,0.0,0,0,0,Germany
2011-01-03,0.0,0,0,0,Germany
2011-01-04,0.0,0,0,0,Germany
2011-01-05,0.0,0,0,0,Germany
2011-01-06,0.0,0,0,0,Germany
2011-01-07,3622.13,4,4,2616,Germany
2011-01-08,0.0,0,0,0,Germany
2011-01-09,0.0,0,0,0,Germany
2011-01-10,610.33,2,2,631,Germany
2011-01-11,126.25999999999999,1,1,86,Germany
2011-01-12,214.65,1,1,95,Germany
2011-01-13,663.4499999999999,1,1,95,Germany
2011-01-14,462.02000000000004,3,2,244,Germany
2011-01-15,0.0,0,0,0,Germany
2011-01-16,0.0,0,0,0,Germany
2011-01-17,1128.35,2,2,566,Germany
2011-01-18,114.52000000000001,1,1,112,Germany
2011-01-19,45.0,1,1,36,Germany
2011-01-20,0.0,0,0,0,Germany
2011-01-21,0.0,0,0,0,Germany
2011-01-22,0.0,0,0,0,Germany
2011-01-23,0.0,0,0,0,Germany
2011-01-24,2101.68,3,3,1166,Germany
2011-01-25,2260.84,3,3,1114,Germany
2011-01-26,1103.76,2,2,688,Germany
2011-01-27,590.1899999999999,3,3,385,Germany
2011-01-28,0.0,0,0,0,Germany
2011-01-29,0.0,0,0,0,Germany
2011-01-30,0.0,0,0,0,Germany
2011-01-31,2026.21,4,4,1052,Germany
2011-02-01,241.25,1,1,55,Germany
2011-02-02,75.60000000000001,1,1,36,Germany
2011-02-03,1481.3400000000001,3,3,440,Germany
2011-02-04,0.0,0,0,0,Germany
2011-02-05,0.0,0,0,0,Germany
2011-02-06,0.0,0,0,0,Germany
2011-02-07,0.0,0,0,0,Germany
2011-02-08,0.0,0,0,0,Germany
2011-02-09,150.9,1,1,159,Germany
2011-02-10,333.95,2,2,227,Germany
2011-02-11,2355.9500000000003,1,1,639,Germany
2011-02-12,0.0,0,0,0,Germany
2011-02-13,0.0,0,0,0,Germany
2011-02-14,730.49,2,2,455,Germany
2011-02-15,0.0,0,0,0,Germany
2011-02-16,0.0,0,0,0,Germany
2011-02-17,504.58000000000004,2,2,378,Germany
2011-02-18,152.4,1,1,108,Germany
2011-02-19,0.0,0,0,0,Germany
2011-02-20,0.0,0,0,0,Germany
2011-02-21,1225.54,2,2,780,Germany
2011-02-22,0.0,0,0,0,Germany
2011-02-23,334.3,1,1,198,Germany
2011-02-24,0.0,0,0,0,Germany
2011-02-25,1156.4,2,2,705,Germany
2011-02-26,0.0,0,0,0,Germany
2011-02-27,0.0,0,0,0,Germany
2011-02-28,0.0,0,0,0,Germany
2011-03-01,762.5,1,1,384,Germany
2011-03-02,0.0,0,0,0,Germany
2011-03-03,671.28,2,2,533,Germany
2011-03-04,0.0,0,0,0,Germany
2011-03-05,0.0,0,0,0,Germany
2011-03-06,0.0,0,0,0,Germany
2011-03-07,781.56,3,3,356,Germany
2011-03-08,794.63,3,3,432,Germany
2011-03-09,0.0,0,0,0,Germany
2011-03-10,0.0,0,0,0,Germany
2011-03-11,871.17,1,1,606,Germany
2011-03-12,0.0,0,0,0,Germany
2011-03-13,0.0,0,0,0,Germany
2011-03-14,0.0,0,0,0,Germany
2011-03-15,0.0,0,0,0,Germany
2011-03-16,264.7,1,1,48,Germany
2011-03-17,1201.2,2,2,754,Germany
2011-03-18,2075.18,5,4,1231,Germany
2011-03-19,0.0,0,0,0,Germany
2011-03-20,309.93,2,2,111,Germany
2011-03-21,0.0,0,0,0,Germany
2011-03-22,1129.98,2,2,958,Germany
2011-03-23,0.0,0,0,0,Germany
2011-03-24,0.0,0,0,0,Germany
2011-03-25,2214.84,3,3,1098,Germany
2011-03-26,0.0,0,0,0,Germany
2011-03-27,0.0,0,0,0,Germany
2011-03-28,999.54,3,2,845,Germany
2011-03-29,0.0,0,0,0,Germany
2011-03-30,382.70000000000005,1,1,172,Germany
2011-03-31,298.98,2,2,92,Germany
2011-04-01,222.68,1,1,108,Germany
2011-04-02,0.0,0,0,0,Germany
2011-04-03,0.0,0,0,0,Germany
2011-04-04,620.29,2,1,387,Germany
2011-04-05,0.0,0,0,0,Germany
2011-04-06,0.0,0,0,0,Germany
2011-04-07,379.7,1,1,236,Germany
2011-04-08,1600.01,2,2,841,Germany
2011-04-09,0.0,0,0,0,Germany
2011-04-10,0.0,0,0,0,Germany
2011-04-11,594.3199999999999,2,2,462,Germany
2011-04-12,0.0,0,0,0,Germany
2011-04-13,0.0,0,0,0,Germany
2011-04-14,3242.31,6,5,1197,Germany
2011-04-15,0.0,0,0,0,Germany
2011-04-16,0.0,0,0,0,Germany
2011-04-17,0.0,0,0,0,Germany
2011-04-18,0.0,0,0,0,Germany
2011-04-19,2233.0,3,3,1460,Germany
2011-04-20,381.6,1,1,230,Germany
2011-04-21,346.6,2,2,213,Germany
2011-04-22,0.0,0,0,0,Germany
2011-04-23,0.0,0,0,0,Germany
2011-04-24,0.0,0,0,0,Germany
2011-04-25,0.0,0,0,0,Germany
2011-04-26,0.0,0,0,0,Germany
2011-04-27,1065.8,1,1,460,Germany
2011-04-28,268.88,1,1,84,Germany
2011-04-29,0.0,0,0,0,Germany
2011-04-30,0.0,0,0,0,Germany
2011-05-01,950.3299999999999,1,1,639,Germany
2011-05-02,0.0,0,0,0,Germany
2011-05-03,0.0,0,0,0,Germany
2011-05-04,714.74,4,3,500,Germany
2011-05-05,350.38,2,2,64,Germany
2011-05-06,246.07999999999998,1,1,224,Germany
2011-05-07,0.0,0,0,0,Germany
2011-05-08,0.0,0,0,0,Germany
2011-05-09,613.11,1,1,377,Germany
2011-05-10,725.05,2,2,309,Germany
2011-05-11,339.0,1,1,202,Germany
2011-05-12,11326.05,5,4,5795,Germany
2011-05-13,809.1999999999999,2,1,320,Germany
2011-05-14,0.0,0,0,0,Germany
2011-05-15,0.0,0,0,0,Germany
2011-05-16,0.0,0,0,0,Germany
2011-05-17,670.38,1,1,524,Germany
2011-05-18,0.0,0,0,0,Germany
2011-05-19,1866.62,6,5,1249,Germany
2011-05-20,0.0,0,0,0,Germany
2011-05-21,0.0,0,0,0,Germany
2011-05-22,1559.81,2,2,960,Germany
2011-05-23,913.65,4,4,445,Germany
2011-05-24,257.25,1,1,119,Germany
2011-05-25,0.0,0,0,0,Germany
2011-05-26,919.53,5,3,527,Germany
2011-05-27,626.73,1,1,337,Germany
2011-05-28,0.0,0,0,0,Germany
2011-05-29,510.73,1,1,254,Germany
2011-05-30,0.0,0,0,0,Germany
2011-05-31,74.96,1,1,32,Germany
2011-06-01,558.49,1,1,466,Germany
2011-06-02,1937.26,2,2,1053,Germany
2011-06-03,50.1,1,1,22,Germany
2011-06-04,0.0,0,0,0,Germany
2011-06-05,930.63,2,2,525,Germany
2011-06-06,422.8,1,1,290,Germany
2011-06-07,0.0,0,0,0,Germany
2011-06-08,0.0,0,0,0,Germany
2011-06-09,421.14,2,2,114,Germany
2011-06-10,555.4,1,1,88,Germany
2011-06-11,0.0,0,0,0,Germany
2011-06-12,529.2,1,1,342,Germany
2011-06-13,2290.34,3,3,1289,Germany
2011-06-14,0.0,0,0,0,Germany
2011-06-15,0.0,0,0,0,Germany
2011-06-16,647.35,2,1,469,Germany
2011-06-17,0.0,0,0,0,Germany
2011-06-18,0.0,0,0,0,Germany
2011-06-19,0.0,0,0,0,Germany
2011-06-20,1767.74,1,1,1346,Germany
2011-06-21,391.76,1,1,270,Germany
2011-06-22,0.0,0,0,0,Germany
2011-06-23,240.93,1,1,143,Germany
2011-06-24,149.64000000000001,1,1,71,Germany
2011-06-25,0.0,0,0,0,Germany
2011-06-26,44.25,1,1,15,Germany
2011-06-27,0.0,0,0,0,Germany
2011-06-28,0.0,0,0,0,Germany
2011-06-29,0.0,0,0,0,Germany
2011-06-30,1063.68,3,3,774,Germany
2011-07-01,53.400000000000006,1,1,60,Germany
2011-07-02,0.0,0,0,0,Germany
2011-07-03,0.0,0,0,0,Germany
2011-07-04,998.4200000000001,1,1,863,Germany
2011-07-05,0.0,0,0,0,Germany
2011-07-06,0.0,0,0,0,Germany
2011-07-07,1079.06,3,2,578,Germany
2011-07-08,929.69,2,2,555,Germany
2011-07-09,0.0,0,0,0,Germany
2011-07-10,0.0,0,0,0,Germany
2011-07-11,0.0,0,0,0,Germany
2011-07-12,540.96,3,2,568,Germany
2011-07-13,227.71,1,1,91,Germany
2011-07-14,1473.28,2,2,1076,Germany
2011-07-15,1211.1100000000001,2,2,409,Germany
2011-07-16,0.0,0,0,0,Germany
2011-07-17,309.23,1,1,105,Germany
2011-07-18,0.0,0,0,0,Germany
2011-07-19,2339.9,5,4,1416,Germany
2011-07-20,857.97,2,2,458,Germany
2011-07-21,1619.13,2,2,780,Germany
2011-07-22,696.02,1,1,422,Germany
2011-07-23,0.0,0,0,0,Germany
2011-07-24,532.6,1,1,467,Germany
2011-07-25,1095.18,2,2,740,Germany
2011-07-26,0.0,0,0,0,Germany
2011-07-27,350.7,1,1,222,Germany
2011-07-28,331.14,1,1,174,Germany
2011-07-29,0.0,0,0,0,Germany
2011-07-30,0.0,0,0,0,Germany
2011-07-31,0.0,0,0,0,Germany
2011-08-01,981.18,1,1,645,Germany
2011-08-02,1060.47,3,3,713,Germany
2011-08-03,221.04,1,1,187,Germany
2011-08-04,1179.98,2,2,584,Germany
2011-08-05,953.55,2,2,548,Germany
2011-08-06,0.0,0,0,0,Germany
2011-08-07,107.4,1,1,60,Germany
2011-08-08,362.8,1,1,268,Germany
2011-08-09,84.98,1,1,34,Germany
2011-08-10,0.0,0,0,0,Germany
2011-08-11,0.0,0,0,0,Germany
2011-08-12,0.0,0,0,0,Germany
2011-08-13,0.0,0,0,0,Germany
2011-08-14,0.0,0,0,0,Germany
2011-08-15,342.12,1,1,460,Germany
2011-08-16,79.30000000000001,1,1,20,Germany
2011-08-17,604.06,2,2,364,Germany
2011-08-18,0.0,0,0,0,Germany
2011-08-19,666.63,2,2,313,Germany
2011-08-20,0.0,0,0,0,Germany
2011-08-21,288.83,1,1,185,Germany
2011-08-22,2087.5699999999997,3,3,1042,Germany
2011-08-23,379.17,1,1,359,Germany
2011-08-24,1529.43,7,5,1323,Germany
2011-08-25,584.15,2,2,397,Germany
2011-08-26,369.13,2,2,258,Germany
2011-08-27,0.0,0,0,0,Germany
2011-08-28,0.0,0,0,0,Germany
2011-08-29,0.0,0,0,0,Germany
2011-08-30,367.83,1,1,131,Germany
2011-08-31,5293.3,2,2,1625,Germany
2011-09-01,0.0,0,0,0,Germany
2011-09-02,419.48,1,1,300,Germany
2011-09-03,0.0,0,0,0,Germany
2011-09-04,2270.96,5,5,1599,Germany
2011-09-05,0.0,0,0,0,Germany
2011-09-06,894.44,4,3,670,Germany
2011-09-07,0.0,0,0,0,Germany
2011-09-08,1200.38,3,3,662,Germany
2011-09-09,0.0,0,0,0,Germany
2011-09-10,0.0,0,0,0,Germany
2011-09-11,1419.89,3,3,1039,Germany
2011-09-12,0.0,0,0,0,Germany
2011-09-13,181.8,1,1,212,Germany
2011-09-14,297.65,1,1,262,Germany
2011-09-15,0.0,0,0,0,Germany
2011-09-16,1113.0,3,3,475,Germany
2011-09-17,0.0,0,0,0,Germany
2011-09-18,0.0,0,0,0,Germany
2011-09-19,1974.49,4,3,1648,Germany
2011-09-20,138.48,1,1,104,Germany
2011-09-21,941.04,2,2,766,Germany
2011-09-22,636.23,3,3,329,Germany
2011-09-23,2317.5,4,4,1698,Germany
2011-09-24,0.0,0,0,0,Germany
2011-09-25,0.0,0,0,0,Germany
2011-09-26,668.0400000000001,1,1,260,Germany
2011-09-27,361.40000000000003,1,1,196,Germany
2011-09-28,331.37,1,1,163,Germany
2011-09-29,1090.38,2,2,484,Germany
2011-09-30,245.94,1,1,175,Germany
2011-10-01,0.0,0,0,0,Germany
2011-10-02,0.0,0,0,0,Germany
2011-10-03,0.0,0,0,0,Germany
2011-10-04,0.0,0,0,0,Germany
2011-10-05,3740.92,3,3,2139,Germany
2011-10-06,3516.13,8,7,2449,Germany
2011-10-07,2622.85,5,5,2032,Germany
2011-10-08,0.0,0,0,0,Germany
2011-10-09,0.0,0,0,0,Germany
2011-10-10,246.58,1,1,112,Germany
2011-10-11,870.19,2,2,553,Germany
2011-10-12,1147.71,4,4,745,Germany
2011-10-13,1890.6100000000001,2,2,923,Germany
2011-10-14,1888.28,2,2,492,Germany
2011-10-15,0.0,0,0,0,Germany
2011-10-16,0.0,0,0,0,Germany
2011-10-17,3188.87,4,4,2780,Germany
2011-10-18,1225.27,3,3,720,Germany
2011-10-19,2420.61,5,4,1912,Germany
2011-10-20,1028.05,3,3,706,Germany
2011-10-21,1329.05,2,2,269,Germany
2011-10-22,0.0,0,0,0,Germany
2011-10-23,0.0,0,0,0,Germany
2011-10-24,0.0,0,0,0,Germany
2011-10-25,953.16,2,1,420,Germany
2011-10-26,83.74,2,1,22,Germany
2011-10-27,367.89,2,2,239,Germany
2011-10-28,998.83,2,2,531,Germany
2011-10-29,0.0,0,0,0,Germany
2011-10-30,0.0,0,0,0,Germany
2011-10-31,695.53,4,4,490,Germany
2011-11-01,0.0,0,0,0,Germany
2011-11-02,153.23000000000002,1,1,63,Germany
2011-11-03,694.97,2,2,399,Germany
2011-11-04,0.0,0,0,0,Germany
2011-11-05,0.0,0,0,0,Germany
2011-11-06,1043.05,3,3,861,Germany
2011-11-07,512.85,2,2,275,Germany
2011-11-08,0.0,0,0,0,Germany
2011-11-09,60.0,1,1,48,Germany
2011-11-10,233.28,2,2,158,Germany
2011-11-11,2639.83,6,6,1574,Germany
2011-11-12,0.0,0,0,0,Germany
2011-11-13,0.0,0,0,0,Germany
2011-11-14,526.38,2,2,235,Germany
2011-11-15,751.71,2,2,577,Germany
2011-11-16,3288.12,10,8,2167,Germany
2011-11-17,3468.96,5,5,1359,Germany
2011-11-18,894.89,4,3,195,Germany
2011-11-19,0.0,0,0,0,Germany
2011-11-20,201.0,1,1,52,Germany
2011-11-21,632.05,1,1,317,Germany
2011-11-22,1019.37,2,2,560,Germany
2011-11-23,620.36,3,3,568,Germany
2011-11-24,3785.72,7,5,1901,Germany
2011-11-25,125.22,1,1,45,Germany
2011-11-26,0.0,0,0,0,Germany
2011-11-27,0.0,0,0,0,Germany
2011-11-28,1191.88,2,2,658,Germany
2011-11-29,1196.86,4,3,630,Germany
2011-11-30,589.4,2,2,256,Germany
2011-12-01,587.87,2,2,241,Germany
2011-12-02,49.0,1,1,8,Germany
2011-12-03,0.0,0,0,0,Germany
2011-12-04,1053.8700000000001,3,3,497,Germany
2011-12-05,248.25,2,2,152,Germany
2011-12-06,0.0,0,0,0,Germany
2011-12-07,2441.2599999999998,4,3,1208,Germany
2011-12-08,1098.2,1,1,987,Germany
2011-12-09,1545.72,4,4,872,Germany
2009-12-01,904.24,2,2,654,France
2009-12-02,494.58,1,1,254,France
2009-12-03,210.55,1,1,79,France
2009-12-04,556.65,1,1,231,France
2009-12-05,0.0,0,0,0,France
2009-12-06,745.4399999999999,1,1,384,France
2009-12-07,74.56,1,1,62,France
2009-12-08,471.90000000000003,1,1,136,France
2009-12-09,0.0,0,0,0,France
2009-12-10,0.0,0,0,0,France
2009-12-11,0.0,0,0,0,France
2009-12-12,0.0,0,0,0,France
2009-12-13,1380.26,3,3,1031,France
2009-12-14,0.0,0,0,0,France
2009-12-15,0.0,0,0,0,France
2009-12-16,0.0,0,0,0,France
2009-12-17,0.0,0,0,0,France
2009-12-18,0.0,0,0,0,France
2009-12-19,0.0,0,0,0,France
2009-12-20,885.06,1,1,758,France
2009-12-21,120.75,1,1,57,France
2009-12-22,0.0,0,0,0,France
2009-12-23,0.0,0,0,0,France
2009-12-24,0.0,0,0,0,France
2009-12-25,0.0,0,0,0,France
2009-12-26,0.0,0,0,0,France
2009-12-27,0.0,0,0,0,France
2009-12-28,0.0,0,0,0,France
2009-12-29,0.0,0,0,0,France
2009-12-30,0.0,0,0,0,France
2009-12-31,0.0,0,0,0,France
2010-01-01,0.0,0,0,0,France
2010-01-02,0.0,0,0,0,France
2010-01-03,0.0,0,0,0,France
2010-01-04,0.0,0,0,0,France
2010-01-05,0.0,0,0,0,France
2010-01-06,0.0,0,0,0,France
2010-01-07,2130.3,1,1,1888,France
2010-01-08,2458.82,2,2,1692,France
2010-01-09,0.0,0,0,0,France
2010-01-10,0.0,0,0,0,France
2010-01-11,0.0,0,0,0,France
2010-01-12,0.0,0,0,0,France
2010-01-13,782.35,1,1,339,France
2010-01-14,0.0,0,0,0,France
2010-01-15,0.0,0,0,0,France
2010-01-16,0.0,0,0,0,France
2010-01-17,0.0,0,0,0,France
2010-01-18,0.0,0,0,0,France
2010-01-19,1171.93,2,2,625,France
2010-01-20,0.0,0,0,0,France
2010-01-21,0.0,0,0,0,France
2010-01-22,0.0,0,0,0,France
2010-01-23,0.0,0,0,0,France
2010-01-24,0.0,0,0,0,France
2010-01-25,0.0,0,0,0,France
2010-01-26,461.44,1,1,420,France
2010-01-27,0.0,0,0,0,France
2010-01-28,0.0,0,0,0,France
2010-01-29,0.0,0,0,0,France
2010-01-30,0.0,0,0,0,France
2010-01-31,284.26,1,1,302,France
2010-02-01,0.0,0,0,0,France
2010-02-02,0.0,0,0,0,France
2010-02-03,642.21,1,1,305,France
2010-02-04,0.0,0,0,0,France
2010-02-05,0.0,0,0,0,France
2010-02-06,0.0,0,0,0,France
2010-02-07,861.64,1,1,562,France
2010-02-08,0.0,0,0,0,France
2010-02-09,2966.66,5,5,2551,France
2010-02-10,0.0,0,0,0,France
2010-02-11,1276.3500000000001,5,5,517,France
2010-02-12,493.66,1,1,156,France
2010-02-13,0.0,0,0,0,France
2010-02-14,0.0,0,0,0,France
2010-02-15,0.0,0,0,0,France
2010-02-16,0.0,0,0,0,France
2010-02-17,0.0,0,0,0,France
2010-02-18,0.0,0,0,0,France
2010-02-19,0.0,0,0,0,France
2010-02-20,0.0,0,0,0,France
2010-02-21,0.0,0,0,0,France
2010-02-22,0.0,0,0,0,France
2010-02-23,1226.74,2,2,570,France
2010-02-24,0.0,0,0,0,France
2010-02-25,538.05,1,1,263,France
2010-02-26,0.0,0,0,0,France
2010-02-27,0.0,0,0,0,France
2010-02-28,0.0,0,0,0,France
2010-03-01,555.07,1,1,343,France
2010-03-02,2072.98,2,2,893,France
2010-03-03,283.6,2,2,168,France
2010-03-04,166.35,1,1,117,France
2010-03-05,265.06,1,1,202,France
2010-03-06,0.0,0,0,0,France
2010-03-07,0.0,0,0,0,France
2010-03-08,0.0,0,0,0,France
2010-03-09,999.65,2,2,476,France
2010-03-10,0.0,0,0,0,France
2010-03-11,0.0,0,0,0,France
2010-03-12,300.25,2,2,138,France
2010-03-13,0.0,0,0,0,France
2010-03-14,0.0,0,0,0,France
2010-03-15,1074.3500000000001,1,1,651,France
2010-03-16,0.0,0,0,0,France
2010-03-17,0.0,0,0,0,France
2010-03-18,1071.13,1,1,604,France
2010-03-19,0.0,0,0,0,France
2010-03-20,0.0,0,0,0,France
2010-03-21,0.0,0,0,0,France
2010-03-22,0.0,0,0,0,France
2010-03-23,0.0,0,0,0,France
2010-03-24,714.47,2,2,502,France
2010-03-25,345.36,1,1,360,France
2010-03-26,0.0,0,0,0,France
2010-03-27,0.0,0,0,0,France
2010-03-28,0.0,0,0,0,France
2010-03-29,0.0,0,0,0,France
2010-03-30,0.0,0,0,0,France
2010-03-31,0.0,0,0,0,France
2010-04-01,642.0,1,1,400,France
2010-04-02,0.0,0,0,0,France
2010-04-03,0.0,0,0,0,France
2010-04-04,0.0,0,0,0,France
2010-04-05,0.0,0,0,0,France
2010-04-06,0.0,0,0,0,France
2010-04-07,1757.2,1,1,800,France
2010-04-08,0.0,0,0,0,France
2010-04-09,538.6999999999999,2,1,305,France
2010-04-10,0.0,0,0,0,France
2010-04-11,0.0,0,0,0,France
2010-04-12,0.0,0,0,0,France
2010-04-13,0.0,0,0,0,France
2010-04-14,1103.06,2,2,476,France
2010-04-15,0.0,0,0,0,France
2010-04-16,114.48,1,1,216,France
2010-04-17,0.0,0,0,0,France
2010-04-18,0.0,0,0,0,France
2010-04-19,0.0,0,0,0,France
2010-04-20,0.0,0,0,0,France
2010-04-21,1004.0600000000001,1,1,566,France
2010-04-22,0.0,0,0,0,France
2010-04-23,163.3,1,1,55,France
2010-04-24,0.0,0,0,0,France
2010-04-25,0.0,0,0,0,France
2010-04-26,0.0,0,0,0,France
2010-04-27,0.0,0,0,0,France
2010-04-28,1348.33,2,2,1007,France
2010-04-29,0.0,0,0,0,France
2010-04-30,0.0,0,0,0,France
2010-05-01,0.0,0,0,0,France
2010-05-02,0.0,0,0,0,France
2010-05-03,0.0,0,0,0,France
2010-05-04,0.0,0,0,0,France
2010-05-05,0.0,0,0,0,France
2010-05-06,8075.7,5,5,5442,France
2010-05-07,740.01,2,2,561,France
2010-05-08,0.0,0,0,0,France
2010-05-09,0.0,0,0,0,France
2010-05-10,151.52,1,1,166,France
2010-05-11,463.48,1,1,496,France
2010-05-12,279.92,1,1,200,France
2010-05-13,660.42,1,1,426,France
2010-05-14,0.0,0,0,0,France
2010-05-15,0.0,0,0,0,France
2010-05-16,1209.1399999999999,1,1,638,France
2010-05-17,0.0,0,0,0,France
2010-05-18,0.0,0,0,0,France
2010-05-19,0.0,0,0,0,France
2010-05-20,0.0,0,0,0,France
2010-05-21,282.6,1,1,160,France
2010-05-22,0.0,0,0,0,France
2010-05-23,0.0,0,0,0,France
2010-05-24,0.0,0,0,0,France
2010-05-25,0.0,0,0,0,France
2010-05-26,1165.16,2,2,520,France
2010-05-27,0.0,0,0,0,France
2010-05-28,45.6,1,1,120,France
2010-05-29,0.0,0,0,0,France
2010-05-30,0.0,0,0,0,France
2010-05-31,0.0,0,0,0,France
2010-06-01,127.5,1,1,90,France
2010-06-02,319.2,2,2,276,France
2010-06-03,750.62,2,2,392,France
2010-06-04,244.88,1,1,162,France
2010-06-05,0.0,0,0,0,France
2010-06-06,519.86,1,1,390,France
2010-06-07,0.0,0,0,0,France
2010-06-08,0.0,0,0,0,France
2010-06-09,71.2,1,1,80,France
2010-06-10,599.95,2,2,433,France
2010-06-11,761.93,1,1,462,France
2010-06-12,0.0,0,0,0,France
2010-06-13,0.0,0,0,0,France
2010-06-14,1203.3999999999999,2,2,816,France
2010-06-15,0.0,0,0,0,France
2010-06-16,0.0,0,0,0,France
2010-06-17,1104.4,1,1,874,France
2010-06-18,0.0,0,0,0,France
2010-06-19,0.0,0,0,0,France
2010-06-20,0.0,0,0,0,France
2010-06-21,0.0,0,0,0,France
2010-06-22,517.4,1,1,316,France
2010-06-23,0.0,0,0,0,France
2010-06-24,556.26,1,1,322,France
2010-06-25,0.0,0,0,0,France
2010-06-26,0.0,0,0,0,France
2010-06-27,0.0,0,0,0,France
2010-06-28,0.0,0,0,0,France
2010-06-29,908.98,4,4,493,France
2010-06-30,734.0600000000001,1,1,560,France
2010-07-01,305.8,1,1,156,France
2010-07-02,0.0,0,0,0,France
2010-07-03,0.0,0,0,0,France
2010-07-04,0.0,0,0,0,France
2010-07-05,498.72,1,1,504,France
2010-07-06,816.6,1,1,292,France
2010-07-07,500.8,1,1,260,France
2010-07-08,0.0,0,0,0,France
2010-07-09,0.0,0,0,0,France
2010-07-10,0.0,0,0,0,France
2010-07-11,0.0,0,0,0,France
2010-07-12,0.0,0,0,0,France
2010-07-13,0.0,0,0,0,France
2010-07-14,0.0,0,0,0,France
2010-07-15,1030.99,3,3,608,France
2010-07-16,0.0,0,0,0,France
2010-07-17,0.0,0,0,0,France
2010-07-18,0.0,0,0,0,France
2010-07-19,0.0,0,0,0,France
2010-07-20,0.0,0,0,0,France
2010-07-21,0.0,0,0,0,France
2010-07-22,366.15999999999997,1,1,474,France
2010-07-23,1053.0,1,1,658,France
2010-07-24,0.0,0,0,0,France
2010-07-25,114.28,1,1,75,France
2010-07-26,0.0,0,0,0,France
2010-07-27,345.44,2,1,209,France
2010-07-28,1924.45,2,2,731,France
2010-07-29,244.0,1,1,130,France
2010-07-30,0.0,0,0,0,France
2010-07-31,0.0,0,0,0,France
2010-08-01,0.0,0,0,0,France
2010-08-02,0.0,0,0,0,France
2010-08-03,0.0,0,0,0,France
2010-08-04,205.75,1,1,97,France
2010-08-05,0.0,0,0,0,France
2010-08-06,0.0,0,0,0,France
2010-08-07,0.0,0,0,0,France
2010-08-08,0.0,0,0,0,France
2010-08-09,830.47,2,2,741,France
2010-08-10,0.0,0,0,0,France
2010-08-11,0.0,0,0,0,France
2010-08-12,0.0,0,0,0,France
2010-08-13,0.0,0,0,0,France
2010-08-14,0.0,0,0,0,France
2010-08-15,247.79999999999998,1,1,280,France
2010-08-16,0.0,0,0,0,France
2010-08-17,0.0,0,0,0,France
2010-08-18,0.0,0,0,0,France
2010-08-19,0.0,0,0,0,France
2010-08-20,0.0,0,0,0,France
2010-08-21,0.0,0,0,0,France
2010-08-22,0.0,0,0,0,France
2010-08-23,1720.24,1,1,1162,France
2010-08-24,0.0,0,0,0,France
2010-08-25,1204.6,3,3,664,France
2010-08-26,0.0,0,0,0,France
2010-08-27,0.0,0,0,0,France
2010-08-28,0.0,0,0,0,France
2010-08-29,0.0,0,0,0,France
2010-08-30,0.0,0,0,0,France
2010-08-31,251.01999999999998,2,2,151,France
2010-09-01,0.0,0,0,0,France
2010-09-02,1805.25,2,2,919,France
2010-09-03,1076.82,2,2,656,France
2010-09-04,0.0,0,0,0,France
2010-09-05,152.3,1,1,154,France
2010-09-06,398.02,1,1,284,France
2010-09-07,232.31,1,1,177,France
2010-09-08,263.02,1,1,156,France
2010-09-09,3433.77,4,4,1782,France
2010-09-10,0.0,0,0,0,France
2010-09-11,0.0,0,0,0,France
2010-09-12,0.0,0,0,0,France
2010-09-13,0.0,0,0,0,France
2010-09-14,899.5899999999999,2,2,591,France
2010-09-15,0.0,0,0,0,France
2010-09-16,57.0,1,1,52,France
2010-09-17,0.0,0,0,0,France
2010-09-18,0.0,0,0,0,France
2010-09-19,0.0,0,0,0,France
2010-09-20,348.83,2,2,177,France
2010-09-21,0.0,0,0,0,France
2010-09-22,522.6999999999999,1,1,338,France
2010-09-23,2412.08,2,2,1212,France
2010-09-24,0.0,0,0,0,France
2010-09-25,0.0,0,0,0,France
2010-09-26,0.0,0,0,0,France
2010-09-27,0.0,0,0,0,France
2010-09-28,0.0,0,0,0,France
2010-09-29,0.0,0,0,0,France
2010-09-30,656.59,2,2,387,France
2010-10-01,0.0,0,0,0,France
2010-10-02,0.0,0,0,0,France
2010-10-03,915.9200000000001,2,2,734,France
2010-10-04,521.46,1,1,556,France
2010-10-05,199.55,1,1,83,France
2010-10-06,0.0,0,0,0,France
2010-10-07,0.0,0,0,0,France
2010-10-08,0.0,0,0,0,France
2010-10-09,0.0,0,0,0,France
2010-10-10,804.41,1,1,548,France
2010-10-11,4840.4,3,3,3308,France
2010-10-12,843.34,3,3,364,France
2010-10-13,923.28,2,2,509,France
2010-10-14,1430.52,3,2,1241,France
2010-10-15,489.86,2,2,294,France
2010-10-16,0.0,0,0,0,France
2010-10-17,0.0,0,0,0,France
2010-10-18,0.0,0,0,0,France
2010-10-19,0.0,0,0,0,France
2010-10-20,805.88,2,2,496,France
2010-10-21,0.0,0,0,0,France
2010-10-22,1010.31,2,1,652,France
2010-10-23,0.0,0,0,0,France
2010-10-24,577.6800000000001,3,2,331,France
2010-10-25,0.0,0,0,0,France
2010-10-26,452.66999999999996,2,1,339,France
2010-10-27,0.0,0,0,0,France
2010-10-28,0.0,0,0,0,France
2010-10-29,65.45,1,1,31,France
2010-10-30,0.0,0,0,0,France
2010-10-31,0.0,0,0,0,France
2010-11-01,0.0,0,0,0,France
2010-11-02,606.1999999999999,1,1,494,France
2010-11-03,0.0,0,0,0,France
2010-11-04,0.0,0,0,0,France
2010-11-05,0.0,0,0,0,France
2010-11-06,0.0,0,0,0,France
2010-11-07,446.42,2,2,370,France
2010-11-08,0.0,0,0,0,France
2010-11-09,2279.75,5,3,1176,France
2010-11-10,322.25,1,1,87,France
2010-11-11,504.54,1,1,298,France
2010-11-12,307.05,2,1,241,France
2010-11-13,0.0,0,0,0,France
2010-11-14,330.88,1,0,504,France
2010-11-15,0.0,0,0,0,France
2010-11-16,2095.63,3,3,1429,France
2010-11-17,275.16,1,1,336,France
2010-11-18,0.0,0,0,0,France
2010-11-19,4649.89,7,7,2863,France
2010-11-20,0.0,0,0,0,France
2010-11-21,600.5,3,3,342,France
2010-11-22,1750.51,1,1,1097,France
2010-11-23,577.04,4,3,590,France
2010-11-24,0.0,0,0,0,France
2010-11-25,0.0,0,0,0,France
2010-11-26,2033.7,4,4,1104,France
2010-11-27,0.0,0,0,0,France
2010-11-28,0.0,0,0,0,France
2010-11-29,933.3000000000001,2,2,585,France
2010-11-30,371.40000000000003,2,2,90,France
2010-12-01,801.86,1,1,446,France
2010-12-02,0.0,0,0,0,France
2010-12-03,371.38,2,2,236,France
2010-12-04,0.0,0,0,0,France
2010-12-05,1364.92,1,1,602,France
2010-12-06,0.0,0,0,0,France
2010-12-07,1322.98,2,2,745,France
2010-12-08,155.55,1,1,120,France
2010-12-09,1609.73,4,3,1001,France
2010-12-10,927.9,1,1,410,France
2010-12-11,0.0,0,0,0,France
2010-12-12,0.0,0,0,0,France
2010-12-13,0.0,0,0,0,France
2010-12-14,0.0,0,0,0,France
2010-12-15,195.89,1,1,134,France
2010-12-16,0.0,0,0,0,France
2010-12-17,314.28000000000003,2,2,396,France
2010-12-18,0.0,0,0,0,France
2010-12-19,0.0,0,0,0,France
2010-12-20,1263.19,2,2,727,France
2010-12-21,53.28,1,1,24,France
2010-12-22,110.39999999999999,1,1,88,France
2010-12-23,0.0,0,0,0,France
2010-12-24,0.0,0,0,0,France
2010-12-25,0.0,0,0,0,France
2010-12-26,0.0,0,0,0,France
2010-12-27,0.0,0,0,0,France
2010-12-28,0.0,0,0,0,France
2010-12-29,0.0,0,0,0,France
2010-12-30,0.0,0,0,0,France
2010-12-31,0.0,0,0,0,France
2011-01-01,0.0,0,0,0,France
2011-01-02,0.0,0,0,0,France
2011-01-03,0.0,0,0,0,France
2011-01-04,0.0,0,0,0,France
2011-01-05,1265.18,2,2,728,France
2011-01-06,709.02,2,2,438,France
2011-01-07,975.09,2,2,591,France
2011-01-08,0.0,0,0,0,France
2011-01-09,114.0,1,1,78,France
2011-01-10,1099.31,1,1,627,France
2011-01-11,1332.6399999999999,4,4,978,France
2011-01-12,1235.6299999999999,3,3,672,France
2011-01-13,0.0,0,0,0,France
2011-01-14,1556.13,3,3,1022,France
2011-01-15,0.0,0,0,0,France
2011-01-16,0.0,0,0,0,France
2011-01-17,642.14,1,1,263,France
2011-01-18,0.0,0,0,0,France
2011-01-19,698.75,1,1,383,France
2011-01-20,1408.68,1,1,702,France
2011-01-21,0.0,0,0,0,France
2011-01-22,0.0,0,0,0,France
2011-01-23,406.5,1,1,120,France
2011-01-24,190.2,1,1,84,France
2011-01-25,0.0,0,0,0,France
2011-01-26,0.0,0,0,0,France
2011-01-27,0.0,0,0,0,France
2011-01-28,953.83,3,3,567,France
2011-01-29,0.0,0,0,0,France
2011-01-30,0.0,0,0,0,France
2011-01-31,3537.9700000000003,2,2,1819,France
2011-02-01,456.84999999999997,1,1,197,France
2011-02-02,587.39,2,2,365,France
2011-02-03,0.0,0,0,0,France
2011-02-04,1112.23,1,1,601,France
2011-02-05,0.0,0,0,0,France
2011-02-06,0.0,0,0,0,France
2011-02-07,0.0,0,0,0,France
2011-02-08,165.86,1,1,214,France
2011-02-09,401.02,1,1,298,France
2011-02-10,285.56,1,1,452,France
2011-02-11,0.0,0,0,0,France
2011-02-12,0.0,0,0,0,France
2011-02-13,0.0,0,0,0,France
2011-02-14,0.0,0,0,0,France
2011-02-15,219.6,1,1,96,France
2011-02-16,829.66,1,1,772,France
2011-02-17,214.0,1,1,114,France
2011-02-18,884.6,2,2,763,France
2011-02-19,0.0,0,0,0,France
2011-02-20,0.0,0,0,0,France
2011-02-21,728.82,2,2,333,France
2011-02-22,0.0,0,0,0,France
2011-02-23,403.76,2,1,360,France
2011-02-24,0.0,0,0,0,France
2011-02-25,0.0,0,0,0,France
2011-02-26,0.0,0,0,0,France
2011-02-27,92.6,1,1,70,France
2011-02-28,1269.11,4,4,625,France
2011-03-01,1022.66,2,2,566,France
2011-03-02,0.0,0,0,0,France
2011-03-03,486.16,2,1,326,France
2011-03-04,281.25,1,1,123,France
2011-03-05,0.0,0,0,0,France
2011-03-06,0.0,0,0,0,France
2011-03-07,0.0,0,0,0,France
2011-03-08,0.0,0,0,0,France
2011-03-09,0.0,0,0,0,France
2011-03-10,0.0,0,0,0,France
2011-03-11,676.8499999999999,1,1,323,France
2011-03-12,0.0,0,0,0,France
2011-03-13,307.29,1,1,183,France
2011-03-14,425.40000000000003,1,1,184,France
2011-03-15,511.53999999999996,1,1,314,France
2011-03-16,244.8,2,2,159,France
2011-03-17,0.0,0,0,0,France
2011-03-18,0.0,0,0,0,France
2011-03-19,0.0,0,0,0,France
2011-03-20,298.02,1,1,422,France
2011-03-21,201.27,2,1,88,France
2011-03-22,469.98,1,1,198,France
2011-03-23,1675.28,4,3,1221,France
2011-03-24,0.0,0,0,0,France
2011-03-25,303.91,1,1,261,France
2011-03-26,0.0,0,0,0,France
2011-03-27,128.05,1,1,59,France
2011-03-28,1028.3,1,1,842,France
2011-03-29,0.0,0,0,0,France
2011-03-30,0.0,0,0,0,France
2011-03-31,5593.59,3,2,3349,France
2011-04-01,315.75,2,2,268,France
2011-04-02,0.0,0,0,0,France
2011-04-03,0.0,0,0,0,France
2011-04-04,513.55,1,1,293,France
2011-04-05,0.0,0,0,0,France
2011-04-06,0.0,0,0,0,France
2011-04-07,312.2,1,1,236,France
2011-04-08,0.0,0,0,0,France
2011-04-09,0.0,0,0,0,France
2011-04-10,0.0,0,0,0,France
2011-04-11,0.0,0,0,0,France
2011-04-12,0.0,0,0,0,France
2011-04-13,0.0,0,0,0,France
2011-04-14,615.1999999999999,1,1,284,France
2011-04-15,0.0,0,0,0,France
2011-04-16,0.0,0,0,0,France
2011-04-17,594.22,2,2,400,France
2011-04-18,0.0,0,0,0,France
2011-04-19,0.0,0,0,0,France
2011-04-20,469.2,1,1,196,France
2011-04-21,652.55,2,2,298,France
2011-04-22,0.0,0,0,0,France
2011-04-23,0.0,0,0,0,France
2011-04-24,0.0,0,0,0,France
2011-04-25,0.0,0,0,0,France
2011-04-26,160.54000000000002,1,1,84,France
2011-04-27,0.0,0,0,0,France
2011-04-28,191.10000000000002,1,1,146,France
2011-04-29,0.0,0,0,0,France
2011-04-30,0.0,0,0,0,France
2011-05-01,0.0,0,0,0,France
2011-05-02,0.0,0,0,0,France
2011-05-03,1656.34,5,3,1034,France
2011-05-04,0.0,0,0,0,France
2011-05-05,200.0,1,1,98,France
2011-05-06,0.0,0,0,0,France
2011-05-07,0.0,0,0,0,France
2011-05-08,984.43,1,1,773,France
2011-05-09,500.9,2,2,494,France
2011-05-10,453.09999999999997,1,1,458,France
2011-05-11,2751.13,2,2,1229,France
2011-05-12,278.53,1,1,105,France
2011-05-13,946.51,3,3,502,France
2011-05-14,0.0,0,0,0,France
2011-05-15,133.4,1,1,140,France
2011-05-16,642.62,2,2,254,France
2011-05-17,739.62,1,1,476,France
2011-05-18,743.53,3,3,327,France
2011-05-19,878.51,2,2,560,France
2011-05-20,956.4,1,1,464,France
2011-05-21,0.0,0,0,0,France
2011-05-22,761.3100000000001,2,2,279,France
2011-05-23,385.96,1,1,304,France
2011-05-24,357.34,1,1,208,France
2011-05-25,1136.82,3,3,734,France
2011-05-26,541.55,2,2,509,France
2011-05-27,367.09000000000003,1,1,155,France
2011-05-28,0.0,0,0,0,France
2011-05-29,0.0,0,0,0,France
2011-05-30,0.0,0,0,0,France
2011-05-31,404.84,1,1,200,France
2011-06-01,0.0,0,0,0,France
2011-06-02,0.0,0,0,0,France
2011-06-03,0.0,0,0,0,France
2011-06-04,0.0,0,0,0,France
2011-06-05,3082.5099999999998,3,3,1889,France
2011-06-06,371.45,1,1,115,France
2011-06-07,0.0,0,0,0,France
2011-06-08,1333.84,4,3,1178,France
2011-06-09,904.59,2,2,780,France
2011-06-10,408.0,1,1,160,France
2011-06-11,0.0,0,0,0,France
2011-06-12,324.18,1,1,714,France
2011-06-13,2165.62,3,3,891,France
2011-06-14,0.0,0,0,0,France
2011-06-15,1694.11,5,3,998,France
2011-06-16,456.27,1,1,267,France
2011-06-17,1359.58,1,1,514,France
2011-06-18,0.0,0,0,0,France
2011-06-19,107.46000000000001,1,1,62,France
2011-06-20,662.5600000000001,2,2,258,France
2011-06-21,239.3,1,1,350,France
2011-06-22,780.44,2,2,654,France
2011-06-23,0.0,0,0,0,France
2011-06-24,580.74,1,1,410,France
2011-06-25,0.0,0,0,0,France
2011-06-26,0.0,0,0,0,France
2011-06-27,183.24,1,1,118,France
2011-06-28,116.28,1,1,108,France
2011-06-29,0.0,0,0,0,France
2011-06-30,0.0,0,0,0,France
2011-07-01,397.96,2,2,360,France
2011-07-02,0.0,0,0,0,France
2011-07-03,0.0,0,0,0,France
2011-07-04,420.36,1,1,256,France
2011-07-05,662.35,1,1,321,France
2011-07-06,966.62,1,1,592,France
2011-07-07,0.0,0,0,0,France
2011-07-08,1006.41,3,3,619,France
2011-07-09,0.0,0,0,0,France
2011-07-10,0.0,0,0,0,France
2011-07-11,503.08,2,2,284,France
2011-07-12,1081.95,4,3,608,France
2011-07-13,770.46,1,1,666,France
2011-07-14,0.0,0,0,0,France
2011-07-15,0.0,0,0,0,France
2011-07-16,0.0,0,0,0,France
2011-07-17,132.1,1,1,46,France
2011-07-18,1848.08,2,2,920,France
2011-07-19,81.6,1,1,32,France
2011-07-20,0.0,0,0,0,France
2011-07-21,0.0,0,0,0,France
2011-07-22,0.0,0,0,0,France
2011-07-23,0.0,0,0,0,France
2011-07-24,376.93,1,1,234,France
2011-07-25,0.0,0,0,0,France
2011-07-26,0.0,0,0,0,France
2011-07-27,186.75,1,1,147,France
2011-07-28,0.0,0,0,0,France
2011-07-29,623.9,1,1,500,France
2011-07-30,0.0,0,0,0,France
2011-07-31,0.0,0,0,0,France
2011-08-01,0.0,0,0,0,France
2011-08-02,85.8,1,1,52,France
2011-08-03,1067.22,1,1,690,France
2011-08-04,475.03,1,1,279,France
2011-08-05,758.3000000000001,2,2,482,France
2011-08-06,0.0,0,0,0,France
2011-08-07,0.0,0,0,0,France
2011-08-08,0.0,0,0,0,France
2011-08-09,0.0,0,0,0,France
2011-08-10,248.35,1,1,197,France
2011-08-11,0.0,0,0,0,France
2011-08-12,376.88,1,1,178,France
2011-08-13,0.0,0,0,0,France
2011-08-14,0.0,0,0,0,France
2011-08-15,1089.07,1,1,603,France
2011-08-16,0.0,0,0,0,France
2011-08-17,580.08,1,1,400,France
2011-08-18,692.79,2,2,459,France
2011-08-19,532.79,1,1,453,France
2011-08-20,0.0,0,0,0,France
2011-08-21,474.77,2,2,267,France
2011-08-22,0.0,0,0,0,France
2011-08-23,875.36,2,2,456,France
2011-08-24,392.91,2,2,244,France
2011-08-25,1971.21,4,4,1303,France
2011-08-26,996.9699999999999,1,1,680,France
2011-08-27,0.0,0,0,0,France
2011-08-28,0.0,0,0,0,France
2011-08-29,0.0,0,0,0,France
2011-08-30,0.0,0,0,0,France
2011-08-31,1915.3,3,3,1138,France
2011-09-01,0.0,0,0,0,France
2011-09-02,852.76,3,2,422,France
2011-09-03,0.0,0,0,0,France
2011-09-04,837.8199999999999,1,1,506,France
2011-09-05,851.0,2,2,326,France
2011-09-06,0.0,0,0,0,France
2011-09-07,2763.7599999999998,3,3,1630,France
2011-09-08,1335.49,2,2,853,France
2011-09-09,2056.8,3,3,1115,France
2011-09-10,0.0,0,0,0,France
2011-09-11,94.38,1,1,42,France
2011-09-12,0.0,0,0,0,France
2011-09-13,76.32000000000001,1,1,72,France
2011-09-14,321.32,1,1,436,France
2011-09-15,2668.16,3,3,1230,France
2011-09-16,0.0,0,0,0,France
2011-09-17,0.0,0,0,0,France
2011-09-18,0.0,0,0,0,France
2011-09-19,1819.05,4,4,835,France
2011-09-20,377.66,1,1,306,France
2011-09-21,1011.76,4,4,817,France
2011-09-22,1450.5,4,4,1181,France
2011-09-23,718.54,1,1,475,France
2011-09-24,0.0,0,0,0,France
2011-09-25,757.99,2,2,280,France
2011-09-26,0.0,0,0,0,France
2011-09-27,171.2,1,1,64,France
2011-09-28,590.75,1,1,265,France
2011-09-29,1251.68,4,4,984,France
2011-09-30,1859.8999999999999,3,3,1066,France
2011-10-01,0.0,0,0,0,France
2011-10-02,0.0,0,0,0,France
2011-10-03,308.0,1,1,150,France
2011-10-04,339.3,2,2,114,France
2011-10-05,1897.8,4,3,1223,France
2011-10-06,157.0,1,1,29,France
2011-10-07,657.36,2,2,526,France
2011-10-08,0.0,0,0,0,France
2011-10-09,0.0,0,0,0,France
2011-10-10,372.58,2,1,218,France
2011-10-11,4163.98,1,1,2684,France
2011-10-12,1252.29,5,5,650,France
2011-10-13,295.72,1,1,122,France
2011-10-14,477.6,1,1,232,France
2011-10-15,0.0,0,0,0,France
2011-10-16,0.0,0,0,0,France
2011-10-17,0.0,0,0,0,France
2011-10-18,0.0,0,0,0,France
2011-10-19,2756.96,2,2,731,France
2011-10-20,948.9,1,1,524,France
2011-10-21,0.0,0,0,0,France
2011-10-22,0.0,0,0,0,France
2011-10-23,0.0,0,0,0,France
2011-10-24,0.0,0,0,0,France
2011-10-25,0.0,0,0,0,France
2011-10-26,0.0,0,0,0,France
2011-10-27,952.79,4,3,556,France
2011-10-28,8555.46,3,2,5243,France
2011-10-29,0.0,0,0,0,France
2011-10-30,196.74,1,1,208,France
2011-10-31,485.32,2,2,416,France
2011-11-01,1692.81,3,3,1023,France
2011-11-02,579.44,1,1,288,France
2011-11-03,1509.23,3,2,1027,France
2011-11-04,426.76,2,1,334,France
2011-11-05,0.0,0,0,0,France
2011-11-06,0.0,0,0,0,France
2011-11-07,288.67,1,0,292,France
2011-11-08,1298.77,2,2,865,France
2011-11-09,942.82,2,2,492,France
2011-11-10,1972.69,7,6,1315,France
2011-11-11,2160.91,6,5,1825,France
2011-11-12,0.0,0,0,0,France
2011-11-13,123.08,1,1,69,France
2011-11-14,1504.42,3,3,885,France
2011-11-15,701.22,2,2,475,France
2011-11-16,1557.28,2,2,686,France
2011-11-17,2958.02,4,3,1594,France
2011-11-18,911.28,3,3,484,France
2011-11-19,0.0,0,0,0,France
2011-11-20,826.21,2,2,297,France
2011-11-21,343.72,1,1,268,France
2011-11-22,799.63,2,2,353,France
2011-11-23,348.38,2,1,219,France
2011-11-24,2131.27,2,2,937,France
2011-11-25,1062.31,3,3,817,France
2011-11-26,0.0,0,0,0,France
2011-11-27,0.0,0,0,0,France
2011-11-28,665.72,3,2,518,France
2011-11-29,1213.12,2,2,638,France
2011-11-30,2561.59,5,5,1553,France
2011-12-01,859.39,2,2,488,France
2011-12-02,1435.25,3,3,792,France
2011-12-03,0.0,0,0,0,France
2011-12-04,923.89,3,3,536,France
2011-12-05,707.48,1,1,467,France
2011-12-06,1223.94,4,4,777,France
2011-12-07,1027.6200000000001,2,2,556,France
2011-12-08,111.9,1,1,18,France
2011-12-09,249.45,1,1,105,France
